case,mode,chi2_des,chi2_ref,delta_chi2,des_3x2,ref_3x2,des_sr,ref_sr,model_delta_chi2,precision_relative_norm,sigma_crit_relative_norm
fiducial,density,765.5741332456978,765.5741283112093,4.934488515573321e-06,526.8972049495508,526.8972000407765,238.67692829614703,238.67692827043277,4.655348497863761e-13,1.8073290661726996e-14,3.446221010164706e-16
fiducial,weyl,765.5742059886312,765.5742010758486,4.912782628707646e-06,526.8972645548367,526.8972596709225,238.67694143379447,238.67694140492608,4.65045891536786e-13,1.8073290661726996e-14,3.446221010164706e-16
h_low,density,735.5106490446184,735.5106527027602,-3.658141849882668e-06,482.54756346584367,482.5475671460072,252.96308557877475,252.96308555675301,6.086307479879288e-13,1.8073290661726996e-14,3.446221010164706e-16
h_low,weyl,735.510837862532,735.5108414984835,-3.635951543401461e-06,482.54773936697785,482.54774301701207,252.96309849555408,252.96309848147143,6.073828637583831e-13,1.8073290661726996e-14,3.446221010164706e-16
h_high,density,833.0747701954995,833.0747684805885,1.7149109226011205e-06,607.0464599139917,607.0464581760347,226.0283102815078,226.02831030455388,4.1821004571695807e-13,1.8073290661726996e-14,3.446221010164706e-16
h_high,weyl,833.0747466290675,833.0747449433471,1.6857203490872052e-06,607.046423838754,607.0464221335616,226.02832279031347,226.02832280978555,4.1774930112288033e-13,1.8073290661726996e-14,3.446221010164706e-16
omega_b_low,density,778.2894262071474,778.2894248429219,1.364225454381085e-06,540.1265852651768,540.126583956706,238.16284094197056,238.16284088621592,5.683478217175032e-13,1.8073290661726996e-14,3.446221010164706e-16
omega_b_low,weyl,778.289499819632,778.2894984544082,1.3652238521899562e-06,540.1266467402919,540.126645431106,238.16285307934015,238.1628530233022,5.683100774399736e-13,1.8073290661726996e-14,3.446221010164706e-16
omega_b_high,density,752.2710041880082,752.2709965539319,7.634076268914214e-06,512.9524319144643,512.9524242623816,239.3185722735438,239.31857229155037,1.0813179556016482e-12,1.8073290661726996e-14,3.446221010164706e-16
omega_b_high,weyl,752.2710802240662,752.2710725937148,7.630351319676265e-06,512.952496087952,512.9524884406501,239.3185841361142,239.31858415306476,1.0812738713001602e-12,1.8073290661726996e-14,3.446221010164706e-16
omega_cdm_low,density,686.7301586121387,686.730165376571,-6.764432328054681e-06,454.6511393398591,454.6511461821629,232.0790192722796,232.0790191944081,1.1415927606378086e-12,1.8073290661726996e-14,3.446221010164706e-16
omega_cdm_low,weyl,686.7301490884598,686.7301558376632,-6.749203407707682e-06,454.65111847326307,454.6511253064513,232.07903061519679,232.0790305312119,1.1416078490570488e-12,1.8073290661726996e-14,3.446221010164706e-16
omega_cdm_high,density,901.1448299849135,901.1448300643838,-7.947028279886581e-08,655.1955902343321,655.1955903493285,245.94923975058137,245.94923971505523,3.8264556047364817e-13,1.8073290661726996e-14,3.446221010164706e-16
omega_cdm_high,weyl,901.1449983507176,901.1449986115025,-2.6078487280756235e-07,655.1957471357409,655.1957474301694,245.94925121497667,245.94925118133312,3.9081211759487503e-13,1.8073290661726996e-14,3.446221010164706e-16
logA_low,density,665.5758695135457,665.5758657795418,3.734003939825925e-06,426.7020292808107,426.70202557206756,238.873840232735,238.87384020747425,4.013853186121185e-13,1.8073290661726996e-14,3.446221010164706e-16
logA_low,weyl,665.5759142482223,665.5759105187255,3.729496711457614e-06,426.7020608146763,426.7020571135672,238.873853433546,238.87385340515834,4.009448964998554e-13,1.8073290661726996e-14,3.446221010164706e-16
logA_high,density,957.8861032222907,957.8860966695455,6.552745162480278e-06,719.1449806057917,719.1449740801503,238.74112261649896,238.74112258939522,5.494200957378521e-13,1.8073290661726996e-14,3.446221010164706e-16
logA_high,weyl,957.8862143345718,957.8862078266152,6.507956641144119e-06,719.1450786507805,719.1450721731063,238.7411356837913,238.74113565350888,5.488743214352687e-13,1.8073290661726996e-14,3.446221010164706e-16
n_s_low,density,781.9042539291839,781.9042491512807,4.777903200192668e-06,542.1174152242722,542.1174104716288,239.78683870491167,239.78683867965196,4.479296456121337e-13,1.8073290661726996e-14,3.446221010164706e-16
n_s_low,weyl,781.9043276658708,781.9043229136141,4.752256700157886e-06,542.1174758108607,542.1174710869649,239.78685185501007,239.78685182664924,4.474549935719467e-13,1.8073290661726996e-14,3.446221010164706e-16
n_s_high,density,751.7823106359831,751.7823055260967,5.109886387799634e-06,514.1191861851954,514.1191811016246,237.66312445078765,237.66312442447213,4.865913207536358e-13,1.8073290661726996e-14,3.446221010164706e-16
n_s_high,weyl,751.7823824979567,751.7823774059042,5.092052560939919e-06,514.119244923169,514.1192398606256,237.6631375747877,237.66313754527857,4.860884881403982e-13,1.8073290661726996e-14,3.446221010164706e-16
tau_reio_low,density,765.6129989879496,765.6129943349194,4.6530301460734336e-06,526.9356148978725,526.935610286059,238.67738409007708,238.6773840488604,4.695902465018613e-13,1.8073290661726996e-14,3.446221010164706e-16
tau_reio_low,weyl,765.6130708713105,765.6130662148337,4.65647678993264e-06,526.9356734679286,526.9356688525179,238.67739740338183,238.6773973623158,4.696308060296157e-13,1.8073290661726996e-14,3.446221010164706e-16
tau_reio_high,density,765.5236241321263,765.5236194092463,4.722880021290621e-06,526.8473002241003,526.8472955538866,238.67632390802598,238.67632385535967,4.609290917146178e-13,1.8073290661726996e-14,3.446221010164706e-16
tau_reio_high,weyl,765.5236945451236,765.5236898378636,4.707260018221859e-06,526.8473594403598,526.847354784447,238.67633510476378,238.67633505341655,4.622427771227841e-13,1.8073290661726996e-14,3.446221010164706e-16
