case,mode,observable,max_scaled,rms_scaled,max_relative,finite
fiducial,density,xip,2.9026348554800633e-10,3.4736348215570787e-10,2.852015662217083e-09,True
fiducial,density,xim,2.11491319339915e-10,1.6856830857977006e-10,1.991846427993446e-09,True
fiducial,density,gammat,2.7934056825161734e-10,2.4359276406187606e-10,5.004511647195026e-09,True
fiducial,density,wtheta,3.502167683838935e-10,5.132666600165176e-10,1.911283107534212e-06,True
fiducial,weyl,xip,2.6139003677807923e-10,3.2264938568627786e-10,2.857425526057236e-09,True
fiducial,weyl,xim,2.4616733385034867e-10,1.5802894194249858e-10,2.0659210613613184e-09,True
fiducial,weyl,gammat,2.7548743052772725e-10,2.3938941896355643e-10,3.5521218919467248e-09,True
fiducial,weyl,wtheta,3.5021682068371245e-10,5.132666690777272e-10,1.911283027991036e-06,True
h_low,density,xip,2.1727827277378557e-10,3.175595854060718e-10,2.12840879485978e-09,True
h_low,density,xim,2.901946666864909e-10,2.607213937699196e-10,2.706448693874101e-09,True
h_low,density,gammat,3.2032164018579914e-10,2.8922297362821063e-10,4.384825423250682e-09,True
h_low,density,wtheta,1.15590882186384e-09,1.0161200883348345e-09,3.512420363002966e-08,True
h_low,weyl,xip,2.7984775449682686e-10,3.9348752355537155e-10,2.0634859439552613e-09,True
h_low,weyl,xim,2.931681823341358e-10,2.7460276138712197e-10,2.6534924349386115e-09,True
h_low,weyl,gammat,3.2353099309653923e-10,2.9406725811911903e-10,4.426235304074564e-09,True
h_low,weyl,wtheta,1.15590882186384e-09,1.0161200785486468e-09,3.512420363002966e-08,True
h_high,density,xip,9.056268971206179e-11,1.8328255240157327e-10,4.344133942358479e-09,True
h_high,density,xim,1.8444484655480552e-10,1.7583516171284469e-10,5.478194971047441e-09,True
h_high,density,gammat,2.5753218929096826e-10,3.193926934000756e-10,5.441622443237517e-09,True
h_high,density,wtheta,8.310717987364796e-10,1.0745122753050894e-09,5.5357215972758964e-08,True
h_high,weyl,xip,1.6124579043720122e-10,2.388488788381358e-10,4.2779071119156844e-09,True
h_high,weyl,xim,1.7901204613230856e-10,1.7637746406487658e-10,5.386513593821925e-09,True
h_high,weyl,gammat,2.489679496012322e-10,3.0806546851718527e-10,5.41914905631954e-09,True
h_high,weyl,wtheta,8.310717987364796e-10,1.0745122755588876e-09,5.5357215972758964e-08,True
omega_b_low,density,xip,3.445904532160365e-10,4.5211673376674885e-10,2.834507625215555e-09,True
omega_b_low,density,xim,3.56171619078624e-10,2.046844411749737e-10,2.8674364707102354e-09,True
omega_b_low,density,gammat,3.829199037191346e-10,3.3050760253156594e-10,3.552227792199754e-09,True
omega_b_low,density,wtheta,6.392441493312118e-10,8.458821945205177e-10,5.71622465174507e-07,True
omega_b_low,weyl,xip,3.377260334474675e-10,4.4159887901810754e-10,2.7618643066284228e-09,True
omega_b_low,weyl,xim,3.5727481474873783e-10,2.033258729457911e-10,2.8778486994381057e-09,True
omega_b_low,weyl,gammat,3.8185633448147384e-10,3.301892037503759e-10,3.542402258030245e-09,True
omega_b_low,weyl,wtheta,6.392441493312118e-10,8.458821893818813e-10,5.716224494559653e-07,True
omega_b_high,density,xip,9.051448939345606e-11,2.0466753392604756e-10,4.103904034286325e-09,True
omega_b_high,density,xim,8.323444577359101e-11,9.953891703976312e-11,2.896185784011757e-09,True
omega_b_high,density,gammat,1.763691350555778e-10,1.973616408644328e-10,3.910413761366277e-09,True
omega_b_high,density,wtheta,4.873223196803705e-10,5.55083605849933e-10,3.682755842666865e-07,True
omega_b_high,weyl,xip,9.263943815352245e-11,2.013882211860713e-10,4.161485067331135e-09,True
omega_b_high,weyl,xim,8.992014085246229e-11,1.0287414289459878e-10,2.9223564531043935e-09,True
omega_b_high,weyl,gammat,1.7665482030478687e-10,1.990877319447902e-10,3.9025849724816055e-09,True
omega_b_high,weyl,wtheta,4.873223196803705e-10,5.550836066470136e-10,3.682755842666865e-07,True
omega_cdm_low,density,xip,8.775540334234616e-10,1.0914029004369704e-09,2.1921727157238328e-09,True
omega_cdm_low,density,xim,5.377461542085123e-10,4.807324924202345e-10,3.75337305995358e-09,True
omega_cdm_low,density,gammat,6.782295810866342e-10,6.260672479174533e-10,6.049522354118488e-09,True
omega_cdm_low,density,wtheta,1.0769604909886118e-09,1.294753165119977e-09,6.875150285697745e-07,True
omega_cdm_low,weyl,xip,8.610512062414329e-10,1.0545168830494728e-09,2.178903623079995e-09,True
omega_cdm_low,weyl,xim,5.026044037955859e-10,4.650710605631854e-10,3.512805285138389e-09,True
omega_cdm_low,weyl,gammat,6.455805284550474e-10,6.198395882570437e-10,5.9043139587105074e-09,True
omega_cdm_low,weyl,wtheta,1.0769604909886118e-09,1.2947531648375744e-09,6.875150285697745e-07,True
omega_cdm_high,density,xip,6.18737687805615e-11,1.3616572138436703e-10,3.740597548246807e-09,True
omega_cdm_high,density,xim,1.5111345231832917e-10,8.883015862002322e-11,2.454703399945896e-09,True
omega_cdm_high,density,gammat,2.937820018778244e-10,2.6925972223971745e-10,4.1540025527388714e-09,True
omega_cdm_high,density,wtheta,9.826222896240104e-10,1.0050516879853833e-09,1.2504828173345995e-07,True
omega_cdm_high,weyl,xip,1.309694817278618e-10,2.5559324808197226e-10,3.757889017623958e-09,True
omega_cdm_high,weyl,xim,2.390216172249868e-10,1.3420777930375037e-10,2.6428236481330233e-09,True
omega_cdm_high,weyl,gammat,2.7893333366623987e-10,2.6784903484605595e-10,2.6934235274490943e-09,True
omega_cdm_high,weyl,wtheta,9.826222896240104e-10,1.0050516926360571e-09,1.2504828173345995e-07,True
logA_low,density,xip,2.923059412846424e-10,3.4739320195232907e-10,2.801958399458838e-09,True
logA_low,density,xim,2.1192288019014492e-10,1.6511166227680896e-10,2.0169389558230537e-09,True
logA_low,density,gammat,2.8352470968346296e-10,2.4681527061344847e-10,5.000432769601091e-09,True
logA_low,density,wtheta,3.624577173520108e-10,5.226662577492386e-10,2.480430917895161e-06,True
logA_low,weyl,xip,2.6345602936674887e-10,3.230039698686506e-10,2.8075031083869354e-09,True
logA_low,weyl,xim,2.459020551264286e-10,1.5410619100035292e-10,2.0925397358916586e-09,True
logA_low,weyl,gammat,2.797781658818114e-10,2.4232212616897397e-10,3.559195421945596e-09,True
logA_low,weyl,wtheta,3.624577173520108e-10,5.226662580033798e-10,2.4804309364243267e-06,True
logA_high,density,xip,2.9000412358759195e-10,3.5009304185345835e-10,2.914580954806554e-09,True
logA_high,density,xim,2.1245778554434604e-10,1.7779618827014115e-10,1.9661487824051197e-09,True
logA_high,density,gammat,2.7773313938338556e-10,2.41964446474759e-10,5.009870978075014e-09,True
logA_high,density,wtheta,3.3781857035202405e-10,5.051890269857503e-10,1.5203894906707763e-06,True
logA_high,weyl,xip,2.6136214352404075e-10,3.252691892054635e-10,2.919975950571364e-09,True
logA_high,weyl,xim,2.4794082652176027e-10,1.6798945271006052e-10,2.038397791089838e-09,True
logA_high,weyl,gammat,2.7375018095719535e-10,2.380790267685286e-10,3.5429788932080665e-09,True
logA_high,weyl,wtheta,3.3781857035202405e-10,5.051890296081707e-10,1.5203894906707763e-06,True
n_s_low,density,xip,2.8575405100674345e-10,3.405759959172789e-10,2.703071959438654e-09,True
n_s_low,density,xim,2.1865574036488353e-10,1.6971313547678877e-10,1.867671824571466e-09,True
n_s_low,density,gammat,2.8753867399238634e-10,2.477510702975222e-10,4.971160077280856e-09,True
n_s_low,density,wtheta,3.5649898383403313e-10,5.089600807089402e-10,1.4423458311992376e-07,True
n_s_low,weyl,xip,2.5738056597995666e-10,3.1657040033368864e-10,2.7116994066486394e-09,True
n_s_low,weyl,xim,2.5435650342584906e-10,1.5849125156237838e-10,1.9449722373771362e-09,True
n_s_low,weyl,gammat,2.836100538095187e-10,2.432555287117405e-10,3.5898465832494335e-09,True
n_s_low,weyl,wtheta,3.5649898383403313e-10,5.089600824281565e-10,1.4423457912341074e-07,True
n_s_high,density,xip,2.9523658814935167e-10,3.548421180850626e-10,3.037247991424074e-09,True
n_s_high,density,xim,2.0506817086024608e-10,1.684309632008463e-10,2.131655474454336e-09,True
n_s_high,density,gammat,2.7223621763983864e-10,2.400228040833169e-10,5.040446049554393e-09,True
n_s_high,density,wtheta,3.4439828342629507e-10,5.185954932995785e-10,1.8285386917965842e-07,True
n_s_high,weyl,xip,2.6604272178898225e-10,3.295814779049142e-10,3.0331823384703335e-09,True
n_s_high,weyl,xim,2.3870321691489454e-10,1.5858514951514102e-10,2.2040107233886074e-09,True
n_s_high,weyl,gammat,2.684750064867501e-10,2.361134523743337e-10,3.5075105670267695e-09,True
n_s_high,weyl,wtheta,3.4439828342629507e-10,5.185954921927835e-10,1.828538856852567e-07,True
tau_reio_low,density,xip,2.96148450649539e-10,3.4023863082175524e-10,4.196171091194779e-09,True
tau_reio_low,density,xim,2.359210849261288e-10,1.5494707729279676e-10,2.015860565570403e-09,True
tau_reio_low,density,gammat,2.705830415444874e-10,2.487244195031017e-10,2.818092762315732e-09,True
tau_reio_low,density,wtheta,3.984835049706667e-10,5.930763311721137e-10,1.948406003738898e-06,True
tau_reio_low,weyl,xip,2.96594423380668e-10,3.422071817435674e-10,4.226186558914081e-09,True
tau_reio_low,weyl,xim,2.381609503533169e-10,1.556330531673458e-10,1.9924654049010253e-09,True
tau_reio_low,weyl,gammat,2.706482042144296e-10,2.494877197761102e-10,2.817161914379792e-09,True
tau_reio_low,weyl,wtheta,3.984835049706667e-10,5.930763307115776e-10,1.948406003738898e-06,True
tau_reio_high,density,xip,4.4454649857299454e-10,5.637719786763624e-10,4.57097765335083e-09,True
tau_reio_high,density,xim,2.9262781427715037e-10,3.317250455642773e-10,2.3313390828140213e-09,True
tau_reio_high,density,gammat,4.589401829984711e-10,4.072006884739036e-10,3.1184377125566695e-09,True
tau_reio_high,density,wtheta,4.4549733940402723e-10,6.711104719461336e-10,1.959133417209305e-06,True
tau_reio_high,weyl,xip,3.9836434120031187e-10,4.672497236349901e-10,3.901825287493041e-09,True
tau_reio_high,weyl,xim,2.834873472611096e-10,3.086023833515006e-10,1.9815633289066067e-09,True
tau_reio_high,weyl,gammat,4.6038241672942546e-10,3.7419180906028346e-10,2.7759420640907534e-09,True
tau_reio_high,weyl,wtheta,4.4549733940402723e-10,6.711104689425547e-10,1.9591336425452134e-06,True
