mode,scenario,sample,JAX JIT,JAX eager,NumPy/SciPy,JIT_minus_NumPy_chi2,eager_minus_NumPy_chi2
density,change_IA_amplitude,0,-390.8876292392342,-390.8876292392346,-390.88762676969685,4.939074642607011e-06,4.939075552101713e-06
density,change_IA_amplitude,1,-374.99520518786426,-374.99520518786466,-374.9952027230461,4.929636361339362e-06,4.929637157147226e-06
density,change_IA_amplitude,2,-399.297445510523,-399.2974455105231,-399.2974430387361,4.943573799209844e-06,4.943574026583519e-06
density,change_IA_amplitude,3,-367.51150369038515,-367.5115036903858,-367.5115012280361,4.9246981461692485e-06,4.9246993967244634e-06
density,change_IA_amplitude,4,-408.017079144745,-408.01707914474576,-408.01707667078244,4.947925162923639e-06,4.947926640852529e-06
density,change_IA_amplitude,5,-360.3354321106331,-360.33543211063306,-360.3354296508246,4.919617026644119e-06,4.919616912957281e-06
density,change_IA_amplitude,6,-417.0471050898593,-417.04710508985994,-417.04710261379546,4.952127710566856e-06,4.952128961122071e-06
density,change_cosmology_h,0,-383.1557447748248,-383.1557447748255,-383.1557445157434,5.18162892149121e-07,5.181642563911737e-07
density,change_cosmology_h,1,-382.45807403851853,-382.4580740385195,-382.45807058865614,6.899724780851102e-06,6.899726713527343e-06
density,change_cosmology_h,2,-383.3448498888,-383.3448498887973,-383.34484990039874,-2.3197458176582586e-08,-2.3202915144793224e-08
density,change_cosmology_h,3,-382.08484264065896,-382.08484264065834,-382.08483828392184,8.713474244359531e-06,8.713472993804317e-06
density,change_cosmology_h,4,-383.69580232004057,-383.6958023200418,-383.6958025100122,-3.799432306550443e-07,-3.7994072954461444e-07
density,change_shear_m1,0,-382.44362610687284,-382.44362610687324,-382.4436236395594,4.934626872454828e-06,4.934627668262692e-06
density,change_shear_m1,1,-383.1313395574801,-383.1313395574802,-383.13133709036504,4.93423010539118e-06,4.934230332764855e-06
density,change_shear_m1,2,-382.10101818802553,-382.10101818802644,-382.1010157206157,4.934819685331604e-06,4.9348215043210075e-06
density,change_shear_m1,3,-383.4764447339552,-383.4764447339555,-383.4764422669392,4.934031949233031e-06,4.9340325176672195e-06
density,change_shear_m1,4,-381.7592430461473,-381.7592430461478,-381.75924057864,4.935014544571459e-06,4.935015567752998e-06
density,change_shear_m1,5,-383.82238197682744,-383.8223819768282,-383.8223795099119,4.933831064590777e-06,4.933832542519667e-06
density,change_shear_m1,6,-381.4183008625898,-381.41830086259046,-381.4182983949862,4.935207130074559e-06,4.935208494316612e-06
density,same_input_cache,0,-382.78706662281905,-382.7870666228192,-382.7870641556045,4.9344290573571925e-06,4.934429398417706e-06
density,same_input_cache,1,-382.78706662281905,-382.7870666228192,-382.78706415560464,4.934428829983517e-06,4.93442917104403e-06
density,same_input_cache,2,-382.78706662281905,-382.7870666228192,-382.7870641556045,4.9344290573571925e-06,4.934429398417706e-06
density,same_input_cache,3,-382.78706662281905,-382.7870666228192,-382.7870641556045,4.9344290573571925e-06,4.934429398417706e-06
density,same_input_cache,4,-382.78706662281905,-382.7870666228192,-382.78706415560464,4.934428829983517e-06,4.93442917104403e-06
density,same_input_cache,5,-382.78706662281905,-382.7870666228192,-382.7870641556045,4.9344290573571925e-06,4.934429398417706e-06
density,same_input_cache,6,-382.78706662281905,-382.7870666228192,-382.7870641556045,4.9344290573571925e-06,4.934429398417706e-06
weyl,change_IA_amplitude,0,-390.88766810735297,-390.88766810735325,-390.88766564674404,4.921217851006077e-06,4.921218419440265e-06
weyl,change_IA_amplitude,1,-374.9952391339429,-374.99523913394313,-374.99523668183764,4.904210527456598e-06,4.904210982203949e-06
weyl,change_IA_amplitude,2,-399.29748694689624,-399.2974869468968,-399.29748448204936,4.929693773192412e-06,4.929694910060789e-06
weyl,change_IA_amplitude,3,-367.5115352820151,-367.5115352820154,-367.51153283417443,4.895681286143372e-06,4.895681968264398e-06
weyl,change_IA_amplitude,4,-408.0171232213369,-408.017123221337,-408.01712075226015,4.938153438160953e-06,4.938153665534628e-06
weyl,change_IA_amplitude,5,-360.3354614184477,-360.3354614184485,-360.335458974881,4.887133400188759e-06,4.887134991804487e-06
weyl,change_IA_amplitude,6,-417.04715187900825,-417.0471518790087,-417.047149405711,4.946594458488107e-06,4.946595367982809e-06
weyl,change_cosmology_h,0,-383.1557824388425,-383.15578243884323,-383.15578217729137,5.231022441876121e-07,5.231037221165025e-07
weyl,change_cosmology_h,1,-382.458112018009,-382.4581120180103,-382.4581086295098,6.776998361601727e-06,6.777000976398995e-06
weyl,change_cosmology_h,2,-383.34488542682084,-383.3448854268181,-383.3448855380767,-2.2251174414122943e-07,-2.2251720110944007e-07
weyl,change_cosmology_h,3,-382.08487989487156,-382.0848798948707,-382.08487567480125,8.440140618404257e-06,8.440138913101691e-06
weyl,change_cosmology_h,4,-383.6958383561825,-383.695838356184,-383.6958385343844,-3.564038024705951e-07,-3.5640073292597663e-07
weyl,change_shear_m1,0,-382.4436623613191,-382.44366236131987,-382.44365990498903,4.91266018798342e-06,4.91266166591231e-06
weyl,change_shear_m1,1,-383.1313760461977,-383.13137604619817,-383.13137358980595,4.912783538202348e-06,4.9127844476970495e-06
weyl,change_shear_m1,2,-382.1010543256824,-382.1010543256829,-382.10105186938415,4.912596523354296e-06,4.912597546535835e-06
weyl,change_shear_m1,3,-383.47648134015424,-383.47648134015486,-383.47647888373183,4.91284481540788e-06,4.912846065963095e-06
weyl,change_shear_m1,4,-381.75927906724445,-381.759279067245,-381.7592766109786,4.912531721856794e-06,4.9125328587251715e-06
weyl,change_shear_m1,5,-383.822418700739,-383.8224187007396,-383.8224162442864,4.91290518311871e-06,4.912906433673925e-06
weyl,change_shear_m1,6,-381.41833676735814,-381.4183367673587,-381.4183343111247,4.912466920359293e-06,4.91246805722767e-06
weyl,same_input_cache,0,-382.78710299428593,-382.78710299428644,-382.7871005379243,4.912723284178355e-06,4.912724307359895e-06
weyl,same_input_cache,1,-382.78710299428593,-382.78710299428644,-382.7871005379243,4.912723284178355e-06,4.912724307359895e-06
weyl,same_input_cache,2,-382.78710299428593,-382.78710299428644,-382.7871005379243,4.912723284178355e-06,4.912724307359895e-06
weyl,same_input_cache,3,-382.78710299428593,-382.78710299428644,-382.7871005379243,4.912723284178355e-06,4.912724307359895e-06
weyl,same_input_cache,4,-382.78710299428593,-382.78710299428644,-382.7871005379243,4.912723284178355e-06,4.912724307359895e-06
weyl,same_input_cache,5,-382.78710299428593,-382.78710299428644,-382.7871005379243,4.912723284178355e-06,4.912724307359895e-06
weyl,same_input_cache,6,-382.78710299428593,-382.78710299428644,-382.7871005379243,4.912723284178355e-06,4.912724307359895e-06
