mode,comparison,space,observable,max_scaled,rms_scaled,max_relative,finite
density,JAX eager vs NumPy,Cl,xip,1.772382386161724e-08,3.9671216259372514e-09,1.8990606679517906e-08,True
density,JAX eager vs NumPy,xi,xip,2.9026348554800633e-10,3.4736348215570787e-10,2.852015662217083e-09,True
density,JAX eager vs NumPy,Cl,xim,1.772382386161724e-08,3.9671216259372514e-09,1.8990606679517906e-08,True
density,JAX eager vs NumPy,xi,xim,2.11491319339915e-10,1.6856830857977006e-10,1.991846427993446e-09,True
density,JAX eager vs NumPy,Cl,gammat,3.223836124156252e-08,6.560540695610312e-09,3.270554502755394e-08,True
density,JAX eager vs NumPy,xi,gammat,2.7934056825161734e-10,2.4359276406187606e-10,5.004511647195026e-09,True
density,JAX eager vs NumPy,Cl,wtheta,2.842491430447826e-09,1.0360020740898997e-09,1.261213663267659e-08,True
density,JAX eager vs NumPy,xi,wtheta,3.5021462409131526e-10,5.132658687188997e-10,1.9113848863426024e-06,True
density,JAX JIT vs NumPy,Cl,xip,1.772382386161724e-08,3.967121635125436e-09,1.8990606679517906e-08,True
density,JAX JIT vs NumPy,xi,xip,2.9026348554800633e-10,3.4736341106922955e-10,2.852015876274327e-09,True
density,JAX JIT vs NumPy,Cl,xim,1.772382386161724e-08,3.967121635125436e-09,1.8990606679517906e-08,True
density,JAX JIT vs NumPy,xi,xim,2.1149128835749627e-10,1.6856829652025555e-10,1.991846427993446e-09,True
density,JAX JIT vs NumPy,Cl,gammat,3.223836111461231e-08,6.560540667988128e-09,3.2705544898764024e-08,True
density,JAX JIT vs NumPy,xi,gammat,2.793405989257382e-10,2.435927328745085e-10,5.004511821965104e-09,True
density,JAX JIT vs NumPy,Cl,wtheta,2.8424908068766937e-09,1.0360033898533036e-09,1.2612136467329974e-08,True
density,JAX JIT vs NumPy,xi,wtheta,3.502165068847986e-10,5.132649956247388e-10,1.911389033359228e-06,True
density,JAX JIT vs eager,Cl,xip,1.9154969537248906e-15,3.6975972684983733e-16,4.636854131907764e-15,True
density,JAX JIT vs eager,xi,xip,2.576748338740363e-16,1.911716217906717e-16,1.0871787425432184e-15,True
density,JAX JIT vs eager,Cl,xim,1.9154969537248906e-15,3.6975972684983733e-16,4.636854131907764e-15,True
density,JAX JIT vs eager,xi,xim,1.8589451248787301e-16,1.6562149144192416e-16,8.375643264477183e-16,True
density,JAX JIT vs eager,Cl,gammat,2.38031642271963e-15,3.908370426627052e-16,1.5051450112994187e-14,True
density,JAX JIT vs eager,xi,gammat,2.4539296661858435e-16,2.098863121445033e-16,1.2979875955001392e-15,True
density,JAX JIT vs eager,Cl,wtheta,5.040533319854232e-15,6.671716567427214e-15,4.657568825405005e-14,True
density,JAX JIT vs eager,xi,wtheta,2.614990948444114e-15,2.5835364126767013e-15,4.1470086987837e-12,True
weyl,JAX eager vs NumPy,Cl,xip,6.393335841966763e-09,1.6298107303316563e-09,7.985997287733289e-09,True
weyl,JAX eager vs NumPy,xi,xip,2.6139003677807923e-10,3.2264938568627786e-10,2.857425526057236e-09,True
weyl,JAX eager vs NumPy,Cl,xim,6.393335841966763e-09,1.6298107303316563e-09,7.985997287733289e-09,True
weyl,JAX eager vs NumPy,xi,xim,2.4616733385034867e-10,1.5802894194249858e-10,2.0659210613613184e-09,True
weyl,JAX eager vs NumPy,Cl,gammat,1.5769756512137418e-08,3.5163037439453062e-09,1.5998290053810923e-08,True
weyl,JAX eager vs NumPy,xi,gammat,2.7548743052772725e-10,2.3938941896355643e-10,3.5521218919467248e-09,True
weyl,JAX eager vs NumPy,Cl,wtheta,2.842491430447826e-09,1.03600207359007e-09,1.261213663267659e-08,True
weyl,JAX eager vs NumPy,xi,wtheta,3.5021462409131526e-10,5.132658741129988e-10,1.9113848863426024e-06,True
weyl,JAX JIT vs NumPy,Cl,xip,6.393335750753051e-09,1.6298107405680206e-09,7.985997419976913e-09,True
weyl,JAX JIT vs NumPy,xi,xip,2.613896932117979e-10,3.2264926528965006e-10,2.8574253472712415e-09,True
weyl,JAX JIT vs NumPy,Cl,xim,6.393335750753051e-09,1.6298107405680206e-09,7.985997419976913e-09,True
weyl,JAX JIT vs NumPy,xi,xim,2.4616733385034867e-10,1.5802895072688762e-10,2.0659204848664478e-09,True
weyl,JAX JIT vs NumPy,Cl,gammat,1.5769756258237396e-08,3.516303710813503e-09,1.5998289796231413e-08,True
weyl,JAX JIT vs NumPy,xi,gammat,2.7548743052772725e-10,2.393893901267797e-10,3.5521224268403357e-09,True
weyl,JAX JIT vs NumPy,Cl,wtheta,2.8424908068766937e-09,1.0360033893534696e-09,1.2612136467329974e-08,True
weyl,JAX JIT vs NumPy,xi,wtheta,3.502165068847986e-10,5.132650010188518e-10,1.911389033359228e-06,True
weyl,JAX JIT vs eager,Cl,xip,2.052308500492585e-15,4.333379277612908e-16,5.70043840101375e-15,True
weyl,JAX JIT vs eager,xi,xip,3.4356628125896014e-16,2.6024812596552333e-16,1.3051260302222098e-15,True
weyl,JAX JIT vs eager,Cl,xim,2.052308500492585e-15,4.333379277612908e-16,5.70043840101375e-15,True
weyl,JAX JIT vs eager,xi,xim,2.478592365017476e-16,2.021753448832943e-16,8.434552828298437e-16,True
weyl,JAX JIT vs eager,Cl,gammat,1.6186126231556815e-15,2.9760741931580426e-16,1.5706324440204273e-14,True
weyl,JAX JIT vs eager,xi,gammat,4.29437631239837e-16,2.2063001142140776e-16,1.3740069725889367e-15,True
weyl,JAX JIT vs eager,Cl,wtheta,5.040533319854232e-15,6.671716567427214e-15,4.657568825405005e-14,True
weyl,JAX JIT vs eager,xi,wtheta,2.614990948444114e-15,2.5835364126767013e-15,4.1470086987837e-12,True
