mode,scenario,backend,sample,seconds,loglike,h,DES_m1,DES_AIA1
density,change_shear_m1,NumPy/SciPy,0,0.15653933300018252,-382.4436236395594,0.6736,-0.004,0.7
density,change_shear_m1,JAX eager,0,0.11879141699955653,-382.44362610687324,0.6736,-0.004,0.7
density,change_shear_m1,JAX JIT,0,0.10012337500029389,-382.44362610687284,0.6736,-0.004,0.7
density,change_shear_m1,JAX eager,1,0.09905241599972214,-383.1313395574802,0.6736,-0.008,0.7
density,change_shear_m1,JAX JIT,1,0.06833083299989084,-383.1313395574801,0.6736,-0.008,0.7
density,change_shear_m1,NumPy/SciPy,1,0.17515520799952355,-383.13133709036504,0.6736,-0.008,0.7
density,change_shear_m1,JAX JIT,2,0.10493770799985214,-382.10101818802553,0.6736,-0.002,0.7
density,change_shear_m1,NumPy/SciPy,2,0.1515947079997204,-382.1010157206157,0.6736,-0.002,0.7
density,change_shear_m1,JAX eager,2,0.10587562500040804,-382.10101818802644,0.6736,-0.002,0.7
density,change_shear_m1,NumPy/SciPy,3,0.17162304099929315,-383.4764422669392,0.6736,-0.01,0.7
density,change_shear_m1,JAX eager,3,0.11396487500041985,-383.4764447339555,0.6736,-0.01,0.7
density,change_shear_m1,JAX JIT,3,0.09351487500043731,-383.4764447339552,0.6736,-0.01,0.7
density,change_shear_m1,JAX eager,4,0.09662516700063861,-381.7592430461478,0.6736,0.0,0.7
density,change_shear_m1,JAX JIT,4,0.06564329199954955,-381.7592430461473,0.6736,0.0,0.7
density,change_shear_m1,NumPy/SciPy,4,0.14680620899980568,-381.75924057864,0.6736,0.0,0.7
density,change_shear_m1,JAX JIT,5,0.09655341699999553,-383.82238197682744,0.6736,-0.012,0.7
density,change_shear_m1,NumPy/SciPy,5,0.1557425829996646,-383.8223795099119,0.6736,-0.012,0.7
density,change_shear_m1,JAX eager,5,0.10337325000000419,-383.8223819768282,0.6736,-0.012,0.7
density,change_shear_m1,NumPy/SciPy,6,0.15240812499996537,-381.4182983949862,0.6736,0.002,0.7
density,change_shear_m1,JAX eager,6,0.11683520800033875,-381.41830086259046,0.6736,0.002,0.7
density,change_shear_m1,JAX JIT,6,0.08887445800064597,-381.4183008625898,0.6736,0.002,0.7
density,change_IA_amplitude,NumPy/SciPy,0,0.14863983299983374,-390.88762676969685,0.6736,-0.006,0.72
density,change_IA_amplitude,JAX eager,0,0.577452457999243,-390.8876292392346,0.6736,-0.006,0.72
density,change_IA_amplitude,JAX JIT,0,0.0704022090003491,-390.8876292392342,0.6736,-0.006,0.72
density,change_IA_amplitude,JAX eager,1,0.5337523340003827,-374.99520518786466,0.6736,-0.006,0.6799999999999999
density,change_IA_amplitude,JAX JIT,1,0.06601725000018632,-374.99520518786426,0.6736,-0.006,0.6799999999999999
density,change_IA_amplitude,NumPy/SciPy,1,0.14366283400067914,-374.9952027230461,0.6736,-0.006,0.6799999999999999
density,change_IA_amplitude,JAX JIT,2,0.08937320800032467,-399.297445510523,0.6736,-0.006,0.74
density,change_IA_amplitude,NumPy/SciPy,2,0.14947633300016605,-399.2974430387361,0.6736,-0.006,0.74
density,change_IA_amplitude,JAX eager,2,0.5773548339993795,-399.2974455105231,0.6736,-0.006,0.74
density,change_IA_amplitude,NumPy/SciPy,3,0.14173304199994163,-367.5115012280361,0.6736,-0.006,0.6599999999999999
density,change_IA_amplitude,JAX eager,3,0.5711335420000978,-367.5115036903858,0.6736,-0.006,0.6599999999999999
density,change_IA_amplitude,JAX JIT,3,0.06406749999950989,-367.51150369038515,0.6736,-0.006,0.6599999999999999
density,change_IA_amplitude,JAX eager,4,0.5418982080000205,-408.01707914474576,0.6736,-0.006,0.76
density,change_IA_amplitude,JAX JIT,4,0.06660366600044654,-408.017079144745,0.6736,-0.006,0.76
density,change_IA_amplitude,NumPy/SciPy,4,0.14017079200039007,-408.01707667078244,0.6736,-0.006,0.76
density,change_IA_amplitude,JAX JIT,5,0.09774075000041194,-360.3354321106331,0.6736,-0.006,0.6399999999999999
density,change_IA_amplitude,NumPy/SciPy,5,0.14694962500016118,-360.3354296508246,0.6736,-0.006,0.6399999999999999
density,change_IA_amplitude,JAX eager,5,0.5720064159995673,-360.33543211063306,0.6736,-0.006,0.6399999999999999
density,change_IA_amplitude,NumPy/SciPy,6,0.14202991700040002,-417.04710261379546,0.6736,-0.006,0.7799999999999999
density,change_IA_amplitude,JAX eager,6,0.5714169170005334,-417.04710508985994,0.6736,-0.006,0.7799999999999999
density,change_IA_amplitude,JAX JIT,6,0.06489983399933408,-417.0471050898593,0.6736,-0.006,0.7799999999999999
density,change_cosmology_h,NumPy/SciPy,0,1.5499035840002762,-383.1557445157434,0.6740999999999999,-0.006,0.7
density,change_cosmology_h,JAX eager,0,3.9007994579997103,-383.1557447748255,0.6740999999999999,-0.006,0.7
density,change_cosmology_h,JAX JIT,0,3.025524042000143,-383.1557447748248,0.6740999999999999,-0.006,0.7
density,change_cosmology_h,JAX eager,1,3.3681984160002685,-382.4580740385195,0.6731,-0.006,0.7
density,change_cosmology_h,JAX JIT,1,2.607790957999896,-382.45807403851853,0.6731,-0.006,0.7
density,change_cosmology_h,NumPy/SciPy,1,1.6244040000001405,-382.45807058865614,0.6731,-0.006,0.7
density,change_cosmology_h,JAX JIT,2,2.8982086249998247,-383.3448498888,0.6746,-0.006,0.7
density,change_cosmology_h,NumPy/SciPy,2,1.5956506669999726,-383.34484990039874,0.6746,-0.006,0.7
density,change_cosmology_h,JAX eager,2,3.4780226249995394,-383.3448498887973,0.6746,-0.006,0.7
density,change_cosmology_h,NumPy/SciPy,3,1.516207624999879,-382.08483828392184,0.6726,-0.006,0.7
density,change_cosmology_h,JAX eager,3,3.331992500000524,-382.08484264065834,0.6726,-0.006,0.7
density,change_cosmology_h,JAX JIT,3,2.57955179199962,-382.08484264065896,0.6726,-0.006,0.7
density,change_cosmology_h,JAX eager,4,3.5356826669994916,-383.6958023200418,0.6750999999999999,-0.006,0.7
density,change_cosmology_h,JAX JIT,4,2.575374666999778,-383.69580232004057,0.6750999999999999,-0.006,0.7
density,change_cosmology_h,NumPy/SciPy,4,1.3663889999997991,-383.6958025100122,0.6750999999999999,-0.006,0.7
density,same_input_cache,NumPy/SciPy,0,0.1698311250002007,-382.7870641556045,0.6736,-0.006,0.7
density,same_input_cache,JAX eager,0,0.010743374999947264,-382.7870666228192,0.6736,-0.006,0.7
density,same_input_cache,JAX JIT,0,0.10306358299931162,-382.78706662281905,0.6736,-0.006,0.7
density,same_input_cache,JAX eager,1,0.006677250000393542,-382.7870666228192,0.6736,-0.006,0.7
density,same_input_cache,JAX JIT,1,0.09750270800032013,-382.78706662281905,0.6736,-0.006,0.7
density,same_input_cache,NumPy/SciPy,1,0.1598892079991856,-382.78706415560464,0.6736,-0.006,0.7
density,same_input_cache,JAX JIT,2,0.11276895900027739,-382.78706662281905,0.6736,-0.006,0.7
density,same_input_cache,NumPy/SciPy,2,0.17744391699943662,-382.7870641556045,0.6736,-0.006,0.7
density,same_input_cache,JAX eager,2,0.007046499999887601,-382.7870666228192,0.6736,-0.006,0.7
density,same_input_cache,NumPy/SciPy,3,0.1667572080004902,-382.7870641556045,0.6736,-0.006,0.7
density,same_input_cache,JAX eager,3,0.006237582999347069,-382.7870666228192,0.6736,-0.006,0.7
density,same_input_cache,JAX JIT,3,0.08985662499981117,-382.78706662281905,0.6736,-0.006,0.7
density,same_input_cache,JAX eager,4,0.0064242080006806646,-382.7870666228192,0.6736,-0.006,0.7
density,same_input_cache,JAX JIT,4,0.09032091700009914,-382.78706662281905,0.6736,-0.006,0.7
density,same_input_cache,NumPy/SciPy,4,0.15680375000010827,-382.78706415560464,0.6736,-0.006,0.7
density,same_input_cache,JAX JIT,5,0.08562845899996319,-382.78706662281905,0.6736,-0.006,0.7
density,same_input_cache,NumPy/SciPy,5,0.15707520800060593,-382.7870641556045,0.6736,-0.006,0.7
density,same_input_cache,JAX eager,5,0.0064278749996447004,-382.7870666228192,0.6736,-0.006,0.7
density,same_input_cache,NumPy/SciPy,6,0.15384304199960752,-382.7870641556045,0.6736,-0.006,0.7
density,same_input_cache,JAX eager,6,0.006265666000217607,-382.7870666228192,0.6736,-0.006,0.7
density,same_input_cache,JAX JIT,6,0.09777300000041578,-382.78706662281905,0.6736,-0.006,0.7
weyl,change_shear_m1,NumPy/SciPy,0,0.20023633300024812,-382.44365990498903,0.6736,-0.004,0.7
weyl,change_shear_m1,JAX eager,0,0.12554666699998052,-382.44366236131987,0.6736,-0.004,0.7
weyl,change_shear_m1,JAX JIT,0,0.11020279199965444,-382.4436623613191,0.6736,-0.004,0.7
weyl,change_shear_m1,JAX eager,1,0.09680937500070286,-383.13137604619817,0.6736,-0.008,0.7
weyl,change_shear_m1,JAX JIT,1,0.07527887499963981,-383.1313760461977,0.6736,-0.008,0.7
weyl,change_shear_m1,NumPy/SciPy,1,0.19057312499990076,-383.13137358980595,0.6736,-0.008,0.7
weyl,change_shear_m1,JAX JIT,2,0.13041304200032755,-382.1010543256824,0.6736,-0.002,0.7
weyl,change_shear_m1,NumPy/SciPy,2,0.2055157919994599,-382.10105186938415,0.6736,-0.002,0.7
weyl,change_shear_m1,JAX eager,2,0.10635974999968312,-382.1010543256829,0.6736,-0.002,0.7
weyl,change_shear_m1,NumPy/SciPy,3,0.21985700000004726,-383.47647888373183,0.6736,-0.01,0.7
weyl,change_shear_m1,JAX eager,3,0.11185966599987296,-383.47648134015486,0.6736,-0.01,0.7
weyl,change_shear_m1,JAX JIT,3,0.11639266699967266,-383.47648134015424,0.6736,-0.01,0.7
weyl,change_shear_m1,JAX eager,4,0.09506266700009292,-381.759279067245,0.6736,0.0,0.7
weyl,change_shear_m1,JAX JIT,4,0.07615741599965986,-381.75927906724445,0.6736,0.0,0.7
weyl,change_shear_m1,NumPy/SciPy,4,0.1900526669996907,-381.7592766109786,0.6736,0.0,0.7
weyl,change_shear_m1,JAX JIT,5,0.10304208299930906,-383.822418700739,0.6736,-0.012,0.7
weyl,change_shear_m1,NumPy/SciPy,5,0.19653037500029313,-383.8224162442864,0.6736,-0.012,0.7
weyl,change_shear_m1,JAX eager,5,0.10642966700015677,-383.8224187007396,0.6736,-0.012,0.7
weyl,change_shear_m1,NumPy/SciPy,6,0.19982537499981845,-381.4183343111247,0.6736,0.002,0.7
weyl,change_shear_m1,JAX eager,6,0.10596625000016502,-381.4183367673587,0.6736,0.002,0.7
weyl,change_shear_m1,JAX JIT,6,0.11162608300037391,-381.41833676735814,0.6736,0.002,0.7
weyl,change_IA_amplitude,NumPy/SciPy,0,0.1945212079999692,-390.88766564674404,0.6736,-0.006,0.72
weyl,change_IA_amplitude,JAX eager,0,0.6698490420003509,-390.88766810735325,0.6736,-0.006,0.72
weyl,change_IA_amplitude,JAX JIT,0,0.07535379099954298,-390.88766810735297,0.6736,-0.006,0.72
weyl,change_IA_amplitude,JAX eager,1,0.630805166000755,-374.99523913394313,0.6736,-0.006,0.6799999999999999
weyl,change_IA_amplitude,JAX JIT,1,0.07621516600011091,-374.9952391339429,0.6736,-0.006,0.6799999999999999
weyl,change_IA_amplitude,NumPy/SciPy,1,0.1838257090003026,-374.99523668183764,0.6736,-0.006,0.6799999999999999
weyl,change_IA_amplitude,JAX JIT,2,0.10679633299969282,-399.29748694689624,0.6736,-0.006,0.74
weyl,change_IA_amplitude,NumPy/SciPy,2,0.19880608299990854,-399.29748448204936,0.6736,-0.006,0.74
weyl,change_IA_amplitude,JAX eager,2,0.6670897499998318,-399.2974869468968,0.6736,-0.006,0.74
weyl,change_IA_amplitude,NumPy/SciPy,3,0.18173679200026527,-367.51153283417443,0.6736,-0.006,0.6599999999999999
weyl,change_IA_amplitude,JAX eager,3,0.663062082999204,-367.5115352820154,0.6736,-0.006,0.6599999999999999
weyl,change_IA_amplitude,JAX JIT,3,0.07532400000036432,-367.5115352820151,0.6736,-0.006,0.6599999999999999
weyl,change_IA_amplitude,JAX eager,4,0.7108220410000285,-408.017123221337,0.6736,-0.006,0.76
weyl,change_IA_amplitude,JAX JIT,4,0.07592391700018197,-408.0171232213369,0.6736,-0.006,0.76
weyl,change_IA_amplitude,NumPy/SciPy,4,0.18947099999968486,-408.01712075226015,0.6736,-0.006,0.76
weyl,change_IA_amplitude,JAX JIT,5,0.11032245900059934,-360.3354614184477,0.6736,-0.006,0.6399999999999999
weyl,change_IA_amplitude,NumPy/SciPy,5,0.19556141600060073,-360.335458974881,0.6736,-0.006,0.6399999999999999
weyl,change_IA_amplitude,JAX eager,5,0.6766882079991774,-360.3354614184485,0.6736,-0.006,0.6399999999999999
weyl,change_IA_amplitude,NumPy/SciPy,6,0.2931470840003385,-417.047149405711,0.6736,-0.006,0.7799999999999999
weyl,change_IA_amplitude,JAX eager,6,0.7064772080002513,-417.0471518790087,0.6736,-0.006,0.7799999999999999
weyl,change_IA_amplitude,JAX JIT,6,0.07561454100050469,-417.04715187900825,0.6736,-0.006,0.7799999999999999
weyl,change_cosmology_h,NumPy/SciPy,0,1.4932951250002588,-383.15578217729137,0.6740999999999999,-0.006,0.7
weyl,change_cosmology_h,JAX eager,0,4.404908208000052,-383.15578243884323,0.6740999999999999,-0.006,0.7
weyl,change_cosmology_h,JAX JIT,0,2.6203372080008194,-383.1557824388425,0.6740999999999999,-0.006,0.7
weyl,change_cosmology_h,JAX eager,1,3.266200791999836,-382.4581120180103,0.6731,-0.006,0.7
weyl,change_cosmology_h,JAX JIT,1,2.5572621250003067,-382.458112018009,0.6731,-0.006,0.7
weyl,change_cosmology_h,NumPy/SciPy,1,1.4354187079998155,-382.4581086295098,0.6731,-0.006,0.7
weyl,change_cosmology_h,JAX JIT,2,2.5908037919998606,-383.34488542682084,0.6746,-0.006,0.7
weyl,change_cosmology_h,NumPy/SciPy,2,1.403220749999491,-383.3448855380767,0.6746,-0.006,0.7
weyl,change_cosmology_h,JAX eager,2,3.4187108330006595,-383.3448854268181,0.6746,-0.006,0.7
weyl,change_cosmology_h,NumPy/SciPy,3,1.3377891669997553,-382.08487567480125,0.6726,-0.006,0.7
weyl,change_cosmology_h,JAX eager,3,4.504840666000746,-382.0848798948707,0.6726,-0.006,0.7
weyl,change_cosmology_h,JAX JIT,3,3.0262294590002057,-382.08487989487156,0.6726,-0.006,0.7
weyl,change_cosmology_h,JAX eager,4,3.313520083000185,-383.695838356184,0.6750999999999999,-0.006,0.7
weyl,change_cosmology_h,JAX JIT,4,2.6665219159995104,-383.6958383561825,0.6750999999999999,-0.006,0.7
weyl,change_cosmology_h,NumPy/SciPy,4,1.4443233749998399,-383.6958385343844,0.6750999999999999,-0.006,0.7
weyl,same_input_cache,NumPy/SciPy,0,0.19422016699991218,-382.7871005379243,0.6736,-0.006,0.7
weyl,same_input_cache,JAX eager,0,0.011495207999359991,-382.78710299428644,0.6736,-0.006,0.7
weyl,same_input_cache,JAX JIT,0,0.11999641700003849,-382.78710299428593,0.6736,-0.006,0.7
weyl,same_input_cache,JAX eager,1,0.00967712500005291,-382.78710299428644,0.6736,-0.006,0.7
weyl,same_input_cache,JAX JIT,1,0.10146829199948115,-382.78710299428593,0.6736,-0.006,0.7
weyl,same_input_cache,NumPy/SciPy,1,0.19592704199931177,-382.7871005379243,0.6736,-0.006,0.7
weyl,same_input_cache,JAX JIT,2,0.11099987499983399,-382.78710299428593,0.6736,-0.006,0.7
weyl,same_input_cache,NumPy/SciPy,2,0.20052037499954167,-382.7871005379243,0.6736,-0.006,0.7
weyl,same_input_cache,JAX eager,2,0.00992966699959652,-382.78710299428644,0.6736,-0.006,0.7
weyl,same_input_cache,NumPy/SciPy,3,0.19790062499941996,-382.7871005379243,0.6736,-0.006,0.7
weyl,same_input_cache,JAX eager,3,0.009582374999808962,-382.78710299428644,0.6736,-0.006,0.7
weyl,same_input_cache,JAX JIT,3,0.10930337499939924,-382.78710299428593,0.6736,-0.006,0.7
weyl,same_input_cache,JAX eager,4,0.009814000000005763,-382.78710299428644,0.6736,-0.006,0.7
weyl,same_input_cache,JAX JIT,4,0.11439512500055571,-382.78710299428593,0.6736,-0.006,0.7
weyl,same_input_cache,NumPy/SciPy,4,0.19226283299940405,-382.7871005379243,0.6736,-0.006,0.7
weyl,same_input_cache,JAX JIT,5,0.11081845799981238,-382.78710299428593,0.6736,-0.006,0.7
weyl,same_input_cache,NumPy/SciPy,5,0.25614500000028784,-382.7871005379243,0.6736,-0.006,0.7
weyl,same_input_cache,JAX eager,5,0.011178458999893337,-382.78710299428644,0.6736,-0.006,0.7
weyl,same_input_cache,NumPy/SciPy,6,0.20576920799976506,-382.7871005379243,0.6736,-0.006,0.7
weyl,same_input_cache,JAX eager,6,0.010603083999740193,-382.78710299428644,0.6736,-0.006,0.7
weyl,same_input_cache,JAX JIT,6,0.13227645799997845,-382.78710299428593,0.6736,-0.006,0.7
