mode,scenario,sample,backend,delta_chi2,max_scaled,rms_scaled,max_relative,finite
density,fixed_CAMB_full_WL,0,JAX eager,4.9825064252218e-06,2.7874090084641477e-10,4.08897632534418e-10,3.5858593006427554e-08,True
density,fixed_CAMB_full_WL,0,JAX JIT,4.982507107342826e-06,2.7874079715321647e-10,4.088975679922294e-10,3.585865014760542e-08,True
density,fixed_CAMB_full_WL,1,JAX eager,4.887259478891792e-06,2.836564331069062e-10,4.065403751903386e-10,3.5858593006427554e-08,True
density,fixed_CAMB_full_WL,1,JAX JIT,4.887260274699656e-06,2.83656327585102e-10,4.0654024951826806e-10,3.585864403216164e-08,True
density,fixed_CAMB_full_WL,2,JAX eager,5.031384603171318e-06,2.76345538589477e-10,4.103403996378214e-10,3.5858593006427554e-08,True
density,fixed_CAMB_full_WL,2,JAX JIT,5.031386194787046e-06,2.763454357873671e-10,4.103402668194623e-10,3.585864403216164e-08,True
density,fixed_CAMB_full_WL,3,JAX eager,4.840711426368216e-06,2.861787210049873e-10,4.0560641590039004e-10,3.5858593006427554e-08,True
density,fixed_CAMB_full_WL,3,JAX JIT,4.840712335862918e-06,2.8617861454487765e-10,4.056063354790825e-10,3.585864403216164e-08,True
density,fixed_CAMB_full_WL,4,JAX eager,5.081213089397352e-06,2.7399053097201124e-10,4.1197222229979293e-10,3.5858593006427554e-08,True
density,fixed_CAMB_full_WL,4,JAX JIT,5.081211611468461e-06,2.739904290459775e-10,4.1197207677309325e-10,3.585864403216164e-08,True
density,CAMB_plus_full_WL,0,JAX eager,5.181673259357922e-07,6.017267827388343e-10,7.157165578687145e-10,7.664441060852607e-08,True
density,CAMB_plus_full_WL,0,JAX JIT,5.181686901778448e-07,6.017263645064061e-10,7.157164781410262e-10,7.664441706933045e-08,True
density,CAMB_plus_full_WL,1,JAX eager,6.899690333739272e-06,4.05117384520546e-10,4.39297234479091e-10,6.582314717968032e-08,True
density,CAMB_plus_full_WL,1,JAX JIT,6.899688287376193e-06,4.05117384520546e-10,4.392972151178616e-10,6.582326176718569e-08,True
density,CAMB_plus_full_WL,2,JAX eager,-2.317949565622257e-08,5.415525501614679e-10,6.185387654305078e-10,7.11077275971945e-08,True
density,CAMB_plus_full_WL,2,JAX JIT,-2.3178927222033963e-08,5.415527590670612e-10,6.185386833225475e-10,7.110769902867026e-08,True
density,CAMB_plus_full_WL,3,JAX eager,8.713489364708948e-06,3.661627981165628e-10,4.1104350459949767e-10,5.4198776670970653e-08,True
density,CAMB_plus_full_WL,3,JAX JIT,8.713487886780058e-06,3.661626934964384e-10,4.110434450206642e-10,5.419877119968878e-08,True
density,CAMB_plus_full_WL,4,JAX eager,-3.799457317654742e-07,4.0488138962201635e-10,5.33169312607339e-10,7.016675181225885e-08,True
density,CAMB_plus_full_WL,4,JAX JIT,-3.7994755075487774e-07,4.0488118073366933e-10,5.33169268802611e-10,7.016680115913498e-08,True
weyl,fixed_CAMB_full_WL,0,JAX eager,4.956573889103311e-06,2.7874090084641477e-10,4.088973847581297e-10,3.5858593006427554e-08,True
weyl,fixed_CAMB_full_WL,0,JAX JIT,4.9565743438506615e-06,2.7874079715321647e-10,4.0889732024728736e-10,3.585864403216164e-08,True
weyl,fixed_CAMB_full_WL,1,JAX eager,4.869800477536046e-06,2.836564331069062e-10,4.065401168501222e-10,3.5858593006427554e-08,True
weyl,fixed_CAMB_full_WL,1,JAX JIT,4.869800022788695e-06,2.83656327585102e-10,4.0653999114522957e-10,3.585865014760542e-08,True
weyl,fixed_CAMB_full_WL,2,JAX eager,5.001254066883121e-06,2.76345538589477e-10,4.1034015709756115e-10,3.5858593006427554e-08,True
weyl,fixed_CAMB_full_WL,2,JAX JIT,5.001255885872524e-06,2.763454357873671e-10,4.103400242485927e-10,3.585865014760542e-08,True
weyl,fixed_CAMB_full_WL,3,JAX eager,4.8275229573846445e-06,2.861787210049873e-10,4.0560615225586424e-10,3.5858593006427554e-08,True
weyl,fixed_CAMB_full_WL,3,JAX JIT,4.82752466268721e-06,2.8617861454487765e-10,4.0560607180152516e-10,3.585865014760542e-08,True
weyl,fixed_CAMB_full_WL,4,JAX eager,5.04691377045674e-06,2.7399053097201124e-10,4.119719849652775e-10,3.5858593006427554e-08,True
weyl,fixed_CAMB_full_WL,4,JAX JIT,5.046911837780499e-06,2.739904290459775e-10,4.119718394087239e-10,3.585865014760542e-08,True
weyl,CAMB_plus_full_WL,0,JAX eager,5.231069053479587e-07,6.017267827388343e-10,7.15716531419425e-10,7.664441060852607e-08,True
weyl,CAMB_plus_full_WL,0,JAX JIT,5.231086106505245e-07,6.017263645064061e-10,7.157164516924206e-10,7.664441706933045e-08,True
weyl,CAMB_plus_full_WL,1,JAX eager,6.77696380080306e-06,4.05117384520546e-10,4.392969699686476e-10,6.582314717968032e-08,True
weyl,CAMB_plus_full_WL,1,JAX JIT,6.776962095500494e-06,4.05117384520546e-10,4.392969506089626e-10,6.582326176718569e-08,True
weyl,CAMB_plus_full_WL,2,JAX eager,-2.2249332687351853e-07,5.415525501614679e-10,6.185374231665055e-10,7.11077275971945e-08,True
weyl,CAMB_plus_full_WL,2,JAX JIT,-2.2249309949984308e-07,5.415527590670612e-10,6.185373410599693e-10,7.110769902867026e-08,True
weyl,CAMB_plus_full_WL,3,JAX eager,8.440155170319485e-06,3.661627981165628e-10,4.110432758265438e-10,5.4198776670970653e-08,True
weyl,CAMB_plus_full_WL,3,JAX JIT,8.440154033451108e-06,3.661626934964384e-10,4.1104321624738264e-10,5.419877119968878e-08,True
weyl,CAMB_plus_full_WL,4,JAX eager,-3.564052803994855e-07,4.0488138962201635e-10,5.331695781720122e-10,7.016675181225885e-08,True
weyl,CAMB_plus_full_WL,4,JAX JIT,-3.564078951967531e-07,4.0488118073366933e-10,5.331695343667747e-10,7.016680115913498e-08,True
