mode,scenario,sample,backend,seconds,loglike,n_observable_values
density,fixed_CAMB_full_WL,0,NumPy/SciPy,0.15746925000075862,-390.58421771776796,640
density,fixed_CAMB_full_WL,0,JAX eager,0.7584444169997369,-390.5842202089921,640
density,fixed_CAMB_full_WL,0,JAX JIT,0.06478941699970164,-390.58422020899354,640
density,fixed_CAMB_full_WL,1,JAX eager,0.5730110000004061,-375.35652887923004,640
density,fixed_CAMB_full_WL,1,JAX JIT,0.06636087500010035,-375.3565288792302,640
density,fixed_CAMB_full_WL,1,NumPy/SciPy,0.1442584579999675,-375.35652643562906,640
density,fixed_CAMB_full_WL,2,JAX JIT,0.09331104100056109,-398.75162027025533,640
density,fixed_CAMB_full_WL,2,NumPy/SciPy,0.15210612500050047,-398.75161775459173,640
density,fixed_CAMB_full_WL,2,JAX eager,0.6219172080000135,-398.75162027025505,640
density,fixed_CAMB_full_WL,3,NumPy/SciPy,0.1578532499997891,-368.28910577229146,640
density,fixed_CAMB_full_WL,3,JAX eager,0.6112398329996722,-368.28910819261796,640
density,fixed_CAMB_full_WL,3,JAX JIT,0.06809579200034932,-368.2891081926202,640
density,fixed_CAMB_full_WL,4,JAX eager,0.565625541999907,-407.292952409418,640
density,fixed_CAMB_full_WL,4,JAX JIT,0.06602183299946773,-407.29295240941843,640
density,fixed_CAMB_full_WL,4,NumPy/SciPy,0.1538486669996928,-407.2929498688409,640
density,CAMB_plus_full_WL,0,NumPy/SciPy,1.3015453329999218,-383.1557445157434,640
density,CAMB_plus_full_WL,0,JAX eager,3.0195810000004712,-383.1557447748255,640
density,CAMB_plus_full_WL,0,JAX JIT,2.707457667000199,-383.1557447748248,640
density,CAMB_plus_full_WL,1,JAX eager,3.0662692909991165,-382.4580740385195,640
density,CAMB_plus_full_WL,1,JAX JIT,2.6233757500003776,-382.45807403851853,640
density,CAMB_plus_full_WL,1,NumPy/SciPy,1.3591863339997872,-382.4580705886564,640
density,CAMB_plus_full_WL,2,JAX JIT,2.4905082500008575,-383.3448498888,640
density,CAMB_plus_full_WL,2,NumPy/SciPy,1.3608871669994187,-383.3448499003988,640
density,CAMB_plus_full_WL,2,JAX eager,3.2624563330000456,-383.3448498887973,640
density,CAMB_plus_full_WL,3,NumPy/SciPy,1.301891125000111,-382.0848382839217,640
density,CAMB_plus_full_WL,3,JAX eager,2.9864264580000963,-382.08484264065834,640
density,CAMB_plus_full_WL,3,JAX JIT,2.478240082999946,-382.08484264065896,640
density,CAMB_plus_full_WL,4,JAX eager,3.1066804579995733,-383.6958023200418,640
density,CAMB_plus_full_WL,4,JAX JIT,2.4918093749993204,-383.69580232004057,640
density,CAMB_plus_full_WL,4,NumPy/SciPy,1.3611251669999547,-383.6958025100122,640
weyl,fixed_CAMB_full_WL,0,NumPy/SciPy,0.19689629200001946,-390.5842545066625,640
weyl,fixed_CAMB_full_WL,0,JAX eager,0.6812715830001252,-390.5842569849203,640
weyl,fixed_CAMB_full_WL,0,JAX JIT,0.07176699999945413,-390.58425698492164,640
weyl,fixed_CAMB_full_WL,1,JAX eager,0.6269762499996432,-375.356564902913,640
weyl,fixed_CAMB_full_WL,1,JAX JIT,0.071288457999799,-375.3565649029131,640
weyl,fixed_CAMB_full_WL,1,NumPy/SciPy,0.1810574170003747,-375.35656246804194,640
weyl,fixed_CAMB_full_WL,2,JAX JIT,0.11150474999976723,-398.75165750879955,640
weyl,fixed_CAMB_full_WL,2,NumPy/SciPy,0.1884767080000529,-398.7516550082016,640
weyl,fixed_CAMB_full_WL,2,JAX eager,0.6649809999998979,-398.75165750879944,640
weyl,fixed_CAMB_full_WL,3,NumPy/SciPy,0.1797205840002789,-368.28914151009155,640
weyl,fixed_CAMB_full_WL,3,JAX eager,0.6506534580003063,-368.2891439238238,640
weyl,fixed_CAMB_full_WL,3,JAX JIT,0.07326604100035183,-368.28914392382603,640
weyl,fixed_CAMB_full_WL,4,JAX eager,0.6290974590001497,-407.29299017033054,640
weyl,fixed_CAMB_full_WL,4,JAX JIT,0.07269354200070666,-407.2929901703306,640
weyl,fixed_CAMB_full_WL,4,NumPy/SciPy,0.17866616599985718,-407.2929876469031,640
weyl,CAMB_plus_full_WL,0,NumPy/SciPy,1.3192440000002534,-383.1557821772913,640
weyl,CAMB_plus_full_WL,0,JAX eager,3.1309518750003917,-383.15578243884323,640
weyl,CAMB_plus_full_WL,0,JAX JIT,2.964860667000721,-383.1557824388425,640
weyl,CAMB_plus_full_WL,1,JAX eager,3.864589833999162,-382.4581120180103,640
weyl,CAMB_plus_full_WL,1,JAX JIT,2.661557041999913,-382.458112018009,640
weyl,CAMB_plus_full_WL,1,NumPy/SciPy,1.7100033750002694,-382.45810862951,640
weyl,CAMB_plus_full_WL,2,JAX JIT,2.9482718330000353,-383.34488542682084,640
weyl,CAMB_plus_full_WL,2,NumPy/SciPy,1.5407996670001012,-383.34488553807665,640
weyl,CAMB_plus_full_WL,2,JAX eager,3.8855407080000077,-383.3448854268181,640
weyl,CAMB_plus_full_WL,3,NumPy/SciPy,1.415570375000243,-382.08487567480125,640
weyl,CAMB_plus_full_WL,3,JAX eager,3.1644040410001253,-382.0848798948707,640
weyl,CAMB_plus_full_WL,3,JAX JIT,2.5641821250001158,-382.08487989487156,640
weyl,CAMB_plus_full_WL,4,JAX eager,3.15699450000011,-383.695838356184,640
weyl,CAMB_plus_full_WL,4,JAX JIT,2.6321185830001923,-383.6958383561825,640
weyl,CAMB_plus_full_WL,4,NumPy/SciPy,1.3929550830007429,-383.6958385343844,640
