mode,scenario,backend,median_s,q25_s,q75_s,samples
density,CAMB_plus_full_WL,JAX JIT,2.559453500001837,2.558354958000564,2.562920500000473,5
density,CAMB_plus_full_WL,JAX eager,2.8965118329979305,2.890413458000694,3.0074537500004226,5
density,CAMB_plus_full_WL,NumPy/SciPy,1.3727734169988253,1.3628380839982128,1.3851161250022415,5
density,fixed_CAMB_full_WL,JAX JIT,0.099918208001327,0.09920208300172817,0.11193133399865474,5
density,fixed_CAMB_full_WL,JAX eager,0.419444666000345,0.39874129199961317,0.4202395419997629,5
density,fixed_CAMB_full_WL,NumPy/SciPy,0.15640875000099186,0.15535300000192365,0.16468233300111024,5
weyl,CAMB_plus_full_WL,JAX JIT,2.574948499997845,2.5692213750007795,2.6847410410009616,5
weyl,CAMB_plus_full_WL,JAX eager,2.987246000000596,2.935182708002685,3.0641792089991213,5
weyl,CAMB_plus_full_WL,NumPy/SciPy,1.3869802080007503,1.382973416999448,1.4174317920005706,5
weyl,fixed_CAMB_full_WL,JAX JIT,0.10910562499702792,0.10853108399896882,0.10931608299870277,5
weyl,fixed_CAMB_full_WL,JAX eager,0.4688740410019818,0.44185450000077253,0.47244475000115926,5
weyl,fixed_CAMB_full_WL,NumPy/SciPy,0.18509474999882514,0.1839162079995731,0.19336933399972622,5
