case,mode,execution,delta_chi2,delta_3x2pt,delta_sr
fiducial,density,eager,-5.638867150992155e-11,-5.638867150992155e-11,-5.684341886080802e-14
fiducial,density,JIT,-5.661604518536478e-11,-5.661604518536478e-11,0.0
fiducial,weyl,eager,-5.5138116294983774e-11,-5.502442945726216e-11,-8.526512829121202e-14
fiducial,weyl,JIT,-5.616129783447832e-11,-5.616129783447832e-11,0.0
h_low,density,eager,2.9558577807620168e-12,2.8990143619012088e-12,5.684341886080802e-14
h_low,density,JIT,-1.5916157281026244e-12,-1.5916157281026244e-12,0.0
h_low,weyl,eager,2.0463630789890885e-12,2.0463630789890885e-12,5.684341886080802e-14
h_low,weyl,JIT,-1.4779288903810084e-12,-1.4779288903810084e-12,0.0
h_high,density,eager,-1.3415046851150692e-11,-1.3528733688872308e-11,8.526512829121202e-14
h_high,density,JIT,-1.0118128557223827e-11,-1.0118128557223827e-11,0.0
h_high,weyl,eager,-1.3528733688872308e-11,-1.3415046851150692e-11,-1.7053025658242404e-13
h_high,weyl,JIT,-9.549694368615746e-12,-9.549694368615746e-12,0.0
omega_b_low,density,eager,9.663381206337363e-12,9.549694368615746e-12,1.4210854715202004e-13
omega_b_low,density,JIT,1.2050804798491299e-11,1.2050804798491299e-11,0.0
omega_b_low,weyl,eager,9.890754881780595e-12,1.000444171950221e-11,-8.526512829121202e-14
omega_b_low,weyl,JIT,1.3073986337985843e-11,1.3073986337985843e-11,0.0
omega_b_high,density,eager,-2.6147972675971687e-11,-2.6261659513693303e-11,1.1368683772161603e-13
omega_b_high,density,JIT,-2.887645678129047e-11,-2.8762769943568856e-11,0.0
omega_b_high,weyl,eager,-2.6716406864579767e-11,-2.6830093702301383e-11,1.1368683772161603e-13
omega_b_high,weyl,JIT,-2.8990143619012088e-11,-2.8990143619012088e-11,0.0
omega_cdm_low,density,eager,1.2505552149377763e-11,1.2676082405960187e-11,-1.1368683772161603e-13
omega_cdm_low,density,JIT,1.5688783605583012e-11,1.574562702444382e-11,0.0
omega_cdm_low,weyl,eager,1.2732925824820995e-11,1.2676082405960187e-11,2.842170943040401e-14
omega_cdm_low,weyl,JIT,1.5916157281026244e-11,1.5802470443304628e-11,0.0
omega_cdm_high,density,eager,-2.148681232938543e-11,-2.1373125491663814e-11,-8.526512829121202e-14
omega_cdm_high,density,JIT,-2.489741746103391e-11,-2.489741746103391e-11,0.0
omega_cdm_high,weyl,eager,-2.091837814077735e-11,-2.1032064978498966e-11,1.1368683772161603e-13
omega_cdm_high,weyl,JIT,-2.467004378559068e-11,-2.467004378559068e-11,0.0
logA_low,density,eager,-4.320099833421409e-11,-4.303046807763167e-11,-1.9895196601282805e-13
logA_low,density,JIT,-4.229150363244116e-11,-4.234834705130197e-11,0.0
logA_low,weyl,eager,-4.285993782104924e-11,-4.297362465877086e-11,1.4210854715202004e-13
logA_low,weyl,JIT,-4.274625098332763e-11,-4.274625098332763e-11,0.0
logA_high,density,eager,-7.821654435247183e-11,-7.821654435247183e-11,2.842170943040401e-14
logA_high,density,JIT,-7.582912076031789e-11,-7.582912076031789e-11,0.0
logA_high,weyl,eager,-8.049028110690415e-11,-8.037659426918253e-11,-8.526512829121202e-14
logA_high,weyl,JIT,-7.889866537880152e-11,-7.889866537880152e-11,0.0
n_s_low,density,eager,-6.491518433904275e-11,-6.491518433904275e-11,0.0
n_s_low,density,JIT,-5.6274984672199935e-11,-5.6274984672199935e-11,0.0
n_s_low,weyl,eager,-6.491518433904275e-11,-6.502887117676437e-11,5.684341886080802e-14
n_s_low,weyl,JIT,-5.67297320230864e-11,-5.67297320230864e-11,0.0
n_s_high,density,eager,-5.582023732131347e-11,-5.5933924159035087e-11,5.684341886080802e-14
n_s_high,density,JIT,-5.263700586510822e-11,-5.263700586510822e-11,0.0
n_s_high,weyl,eager,-5.650235834764317e-11,-5.6274984672199935e-11,-1.9895196601282805e-13
n_s_high,weyl,JIT,-5.2523319027386606e-11,-5.2523319027386606e-11,0.0
tau_reio_low,density,eager,-5.67297320230864e-11,-5.6843418860808015e-11,5.684341886080802e-14
tau_reio_low,density,JIT,-5.5138116294983774e-11,-5.5138116294983774e-11,0.0
tau_reio_low,weyl,eager,-5.809397407574579e-11,-5.7980287238024175e-11,-1.4210854715202004e-13
tau_reio_low,weyl,JIT,-5.6843418860808015e-11,-5.6843418860808015e-11,0.0
tau_reio_high,density,eager,-5.5706550483591855e-11,-5.5706550483591855e-11,-2.842170943040401e-14
tau_reio_high,density,JIT,-5.5138116294983774e-11,-5.5138116294983774e-11,0.0
tau_reio_high,weyl,eager,-5.5933924159035087e-11,-5.5706550483591855e-11,-2.2737367544323206e-13
tau_reio_high,weyl,JIT,-5.468336894409731e-11,-5.468336894409731e-11,0.0
