backend,repeat,seconds
NumPy/SciPy,0,0.06369033299961302
JAX eager,0,0.289067416000762
JAX JIT,0,0.04052258299998357
JAX eager,1,0.2786887080001179
JAX JIT,1,0.04047266599991417
NumPy/SciPy,1,0.06393266600025527
JAX JIT,2,0.03987850000066828
NumPy/SciPy,2,0.0640180420004981
JAX eager,2,0.2759809999997742
NumPy/SciPy,3,0.06352437500027008
JAX eager,3,0.2747363749995202
JAX JIT,3,0.04333908300031908
JAX eager,4,0.27737133300070127
JAX JIT,4,0.04167679200054408
NumPy/SciPy,4,0.0629865000000791
JAX JIT,5,0.04191466700012825
NumPy/SciPy,5,0.06398212499971123
JAX eager,5,0.28806674999941606
NumPy/SciPy,6,0.06409733300006337
JAX eager,6,0.2777480419999847
JAX JIT,6,0.040901874999690335
