case,mode,execution,observable,max_scaled,rms_scaled,max_relative,finite
fiducial,density,eager,nonlimber,7.732148067604692e-14,7.628591697529677e-14,2.2609270576189985e-13,True
fiducial,density,eager,cl_xip,1.9154969537248906e-15,3.6975972684983742e-16,4.636854131907743e-15,True
fiducial,density,eager,xip,2.576748338740363e-16,1.911716217906717e-16,1.0871787425432172e-15,True
fiducial,density,eager,cl_xim,1.9154969537248906e-15,3.7783444912629105e-16,4.636854131907743e-15,True
fiducial,density,eager,xim,1.2392967499191534e-16,1.1138512512094804e-16,6.169566731905403e-16,True
fiducial,density,eager,cl_gammat,2.380316422719631e-15,3.884809418274879e-16,1.505145011299396e-14,True
fiducial,density,eager,gammat,2.4539296661858435e-16,2.093917600271365e-16,1.2979875955001408e-15,True
fiducial,density,eager,cl_wtheta,7.77385345000194e-14,6.466380882331073e-14,2.9255772912196233e-13,True
fiducial,density,eager,wtheta,5.2299818968882296e-15,6.782174369702024e-15,6.387389697383665e-12,True
fiducial,density,JIT,nonlimber,7.567085533806592e-14,7.476835143541133e-14,2.2073368583032373e-13,True
fiducial,density,JIT,cl_xip,0.0,0.0,0.0,True
fiducial,density,JIT,xip,0.0,0.0,0.0,True
fiducial,density,JIT,cl_xim,0.0,0.0,0.0,True
fiducial,density,JIT,xim,0.0,0.0,0.0,True
fiducial,density,JIT,cl_gammat,0.0,0.0,0.0,True
fiducial,density,JIT,gammat,0.0,0.0,0.0,True
fiducial,density,JIT,cl_wtheta,7.638746371325435e-14,6.394475092010317e-14,2.7574406652874613e-13,True
fiducial,density,JIT,wtheta,5.2299818968882296e-15,6.730748985255036e-15,4.9863797978677734e-12,True
fiducial,weyl,eager,nonlimber,7.732148067604692e-14,7.628590586976212e-14,2.2609270576189985e-13,True
fiducial,weyl,eager,cl_xip,2.052308500492585e-15,4.333379277612909e-16,5.700438401013782e-15,True
fiducial,weyl,eager,xip,3.4356628125896024e-16,2.6024812596552343e-16,1.3051260302222116e-15,True
fiducial,weyl,eager,cl_xim,9.121371113300378e-16,2.405953440129993e-16,2.2078112423010186e-15,True
fiducial,weyl,eager,xim,2.478592365017476e-16,2.0481280898909366e-16,7.22805400079676e-16,True
fiducial,weyl,eager,cl_gammat,1.6186126231556817e-15,2.884258433946797e-16,1.453441327664837e-14,True
fiducial,weyl,eager,gammat,4.29437631239837e-16,2.1911079226783149e-16,1.3740069725889387e-15,True
fiducial,weyl,eager,cl_wtheta,7.77385345000194e-14,6.466367943788739e-14,2.9255772912196233e-13,True
fiducial,weyl,eager,wtheta,5.2299818968882296e-15,6.781990372040675e-15,6.393505140949921e-12,True
fiducial,weyl,JIT,nonlimber,7.567085533806592e-14,7.476833571829697e-14,2.2073368583032373e-13,True
fiducial,weyl,JIT,cl_xip,0.0,0.0,0.0,True
fiducial,weyl,JIT,xip,0.0,0.0,0.0,True
fiducial,weyl,JIT,cl_xim,0.0,0.0,0.0,True
fiducial,weyl,JIT,xim,0.0,0.0,0.0,True
fiducial,weyl,JIT,cl_gammat,0.0,0.0,0.0,True
fiducial,weyl,JIT,gammat,0.0,0.0,0.0,True
fiducial,weyl,JIT,cl_wtheta,7.638746371325435e-14,6.394454671037084e-14,2.7574406652874613e-13,True
fiducial,weyl,JIT,wtheta,5.2299818968882296e-15,6.7305756742081704e-15,4.992495241434038e-12,True
h_low,density,eager,nonlimber,7.106083707244546e-14,5.5210523676149424e-14,1.5921729572152184e-13,True
h_low,density,eager,cl_xip,1.4071150629534954e-15,3.426404658035468e-16,5.538754334461996e-15,True
h_low,density,eager,xip,3.0877075182864106e-16,2.351782758211957e-16,6.053931673878364e-16,True
h_low,density,eager,cl_xim,1.1086361102057841e-15,3.4112971721058595e-16,5.033406623325062e-15,True
h_low,density,eager,xim,2.7991214991426606e-16,2.569820582581948e-16,6.234486425460401e-16,True
h_low,density,eager,cl_gammat,1.7435273115167745e-15,2.8349012391220127e-16,1.1479523949107629e-14,True
h_low,density,eager,gammat,2.3487159572283203e-16,1.9686212128134262e-16,7.585333091825065e-16,True
h_low,density,eager,cl_wtheta,7.565999274382281e-14,4.555038971880934e-14,2.632142706789929e-13,True
h_low,density,eager,wtheta,2.495886448091479e-15,3.4217251043657276e-15,7.953438030269564e-13,True
h_low,density,JIT,nonlimber,7.106083707244546e-14,5.536190015911656e-14,1.53326775531607e-13,True
h_low,density,JIT,cl_xip,0.0,0.0,0.0,True
h_low,density,JIT,xip,0.0,0.0,0.0,True
h_low,density,JIT,cl_xim,0.0,0.0,0.0,True
h_low,density,JIT,xim,0.0,0.0,0.0,True
h_low,density,JIT,cl_gammat,0.0,0.0,0.0,True
h_low,density,JIT,gammat,0.0,0.0,0.0,True
h_low,density,JIT,cl_wtheta,7.474290192268556e-14,4.542245333978015e-14,2.5660242895141056e-13,True
h_low,density,JIT,wtheta,1.9533024376368097e-15,3.0541005740898832e-15,8.639264966514028e-13,True
h_low,weyl,eager,nonlimber,7.106083707244546e-14,5.5210523676149424e-14,1.5921729572152184e-13,True
h_low,weyl,eager,cl_xip,4.2639652851479175e-15,6.323748124546955e-16,1.0484753816264505e-14,True
h_low,weyl,eager,xip,4.631559090034264e-16,2.6721862697369343e-16,1.1717442680687977e-15,True
h_low,weyl,eager,cl_xim,4.2639652851479175e-15,8.174255237459862e-16,1.0484753816264505e-14,True
h_low,weyl,eager,xim,3.3589442971842454e-16,2.511048408910721e-16,5.999059994380794e-16,True
h_low,weyl,eager,cl_gammat,2.3569872345160013e-15,3.832848691605524e-16,2.0602126564278735e-14,True
h_low,weyl,eager,gammat,2.348715594184258e-16,2.0114192775814738e-16,8.012899638936229e-16,True
h_low,weyl,eager,cl_wtheta,7.565999274382281e-14,4.555038971880934e-14,2.632142706789929e-13,True
h_low,weyl,eager,wtheta,2.495886448091479e-15,3.4217251043657276e-15,7.953438030269564e-13,True
h_low,weyl,JIT,nonlimber,7.106083707244546e-14,5.536190015911656e-14,1.53326775531607e-13,True
h_low,weyl,JIT,cl_xip,0.0,0.0,0.0,True
h_low,weyl,JIT,xip,0.0,0.0,0.0,True
h_low,weyl,JIT,cl_xim,0.0,0.0,0.0,True
h_low,weyl,JIT,xim,0.0,0.0,0.0,True
h_low,weyl,JIT,cl_gammat,0.0,0.0,0.0,True
h_low,weyl,JIT,gammat,0.0,0.0,0.0,True
h_low,weyl,JIT,cl_wtheta,7.474290192268556e-14,4.542245333978015e-14,2.5660242895141056e-13,True
h_low,weyl,JIT,wtheta,1.9533024376368097e-15,3.0541005740898832e-15,8.639264966514028e-13,True
h_high,density,eager,nonlimber,2.313379631373245e-14,2.5568118766239498e-14,1.257781141907835e-13,True
h_high,density,eager,cl_xip,1.860993150100873e-15,3.931193283743099e-16,4.446025187662808e-15,True
h_high,density,eager,xip,3.8481066910227734e-16,2.5419583606558826e-16,8.718427334065791e-16,True
h_high,density,eager,cl_xim,1.860993150100873e-15,4.1072412519158615e-16,4.446025187662808e-15,True
h_high,density,eager,xim,2.7601953823172724e-16,2.2250527110680173e-16,7.368406091730709e-16,True
h_high,density,eager,cl_gammat,1.2815494406629762e-15,2.8590198065787386e-16,1.699846720877423e-14,True
h_high,density,eager,gammat,2.570965392056197e-16,1.750123794143049e-16,8.576863227750374e-16,True
h_high,density,eager,cl_wtheta,1.666548380948123e-14,2.1021703416538164e-14,1.2271977052935453e-13,True
h_high,density,eager,wtheta,1.4613142703321577e-15,2.4144432869660217e-15,3.0698005559508157e-12,True
h_high,density,JIT,nonlimber,2.3856727448536587e-14,2.6185754049639742e-14,1.2946252359637212e-13,True
h_high,density,JIT,cl_xip,0.0,0.0,0.0,True
h_high,density,JIT,xip,0.0,0.0,0.0,True
h_high,density,JIT,cl_xim,0.0,0.0,0.0,True
h_high,density,JIT,xim,0.0,0.0,0.0,True
h_high,density,JIT,cl_gammat,0.0,0.0,0.0,True
h_high,density,JIT,gammat,0.0,0.0,0.0,True
h_high,density,JIT,cl_wtheta,1.704104400800475e-14,2.079440588464745e-14,1.2271977052935453e-13,True
h_high,density,JIT,wtheta,1.2345586076944092e-15,1.7427236967356523e-15,2.278307078454788e-12,True
h_high,weyl,eager,nonlimber,2.313379631373245e-14,2.5568289845122693e-14,1.257781141907835e-13,True
h_high,weyl,eager,cl_xip,5.485006765712564e-15,1.0722787631149492e-15,1.3102822995176422e-14,True
h_high,weyl,eager,xip,2.8860786324588244e-16,2.997682435541088e-16,1.2563414617761903e-15,True
h_high,weyl,eager,cl_xim,5.485006765712564e-15,1.065051449278252e-15,1.3102822995176422e-14,True
h_high,weyl,eager,xim,5.520388286382263e-16,3.5147253499475724e-16,9.820958247377139e-16,True
h_high,weyl,eager,cl_gammat,6.251451133399091e-16,2.449896666458407e-16,1.3755340231112257e-14,True
h_high,weyl,eager,gammat,3.8564475831485133e-16,2.875244925765989e-16,8.656220929865262e-16,True
h_high,weyl,eager,cl_wtheta,1.666548380948123e-14,2.1022984266661795e-14,1.2271977052935453e-13,True
h_high,weyl,eager,wtheta,1.4613142703321577e-15,2.4145138711025624e-15,3.0728236869223835e-12,True
h_high,weyl,JIT,nonlimber,2.3856727448536587e-14,2.618589021508553e-14,1.2946252359637212e-13,True
h_high,weyl,JIT,cl_xip,0.0,0.0,0.0,True
h_high,weyl,JIT,xip,0.0,0.0,0.0,True
h_high,weyl,JIT,cl_xim,0.0,0.0,0.0,True
h_high,weyl,JIT,xim,0.0,0.0,0.0,True
h_high,weyl,JIT,cl_gammat,0.0,0.0,0.0,True
h_high,weyl,JIT,gammat,0.0,0.0,0.0,True
h_high,weyl,JIT,cl_wtheta,1.704104400800475e-14,2.0795414398440538e-14,1.2271977052935453e-13,True
h_high,weyl,JIT,wtheta,1.2345586076944092e-15,1.7428139060956746e-15,2.281330209426358e-12,True
omega_b_low,density,eager,nonlimber,1.0594224188027861e-13,1.0260661677792112e-13,3.2248049187227864e-13,True
omega_b_low,density,eager,cl_xip,1.8287083513391064e-15,2.927215477148839e-16,4.426946077383708e-15,True
omega_b_low,density,eager,xip,4.263728610204896e-16,2.3595830848568136e-16,9.004476750379238e-16,True
omega_b_low,density,eager,cl_xim,1.8287083513391064e-15,3.9065640605118115e-16,4.426946077383708e-15,True
omega_b_low,density,eager,xim,6.153824952806708e-16,4.053784292909953e-16,6.462703176141237e-16,True
omega_b_low,density,eager,cl_gammat,1.0790957373113874e-15,1.9830543387934843e-16,9.31325303076291e-15,True
omega_b_low,density,eager,gammat,2.431169662010145e-16,1.5557770508204617e-16,9.857406208432655e-16,True
omega_b_low,density,eager,cl_wtheta,1.0673081750548725e-13,8.69953240245855e-14,3.568788574396492e-13,True
omega_b_low,density,eager,wtheta,7.533591793414366e-15,1.0728761394602258e-14,1.197012504417035e-11,True
omega_b_low,density,JIT,nonlimber,1.0820508588160494e-13,1.0268569364208305e-13,3.2550753028159287e-13,True
omega_b_low,density,JIT,cl_xip,0.0,0.0,0.0,True
omega_b_low,density,JIT,xip,0.0,0.0,0.0,True
omega_b_low,density,JIT,cl_xim,0.0,0.0,0.0,True
omega_b_low,density,JIT,xim,0.0,0.0,0.0,True
omega_b_low,density,JIT,cl_gammat,0.0,0.0,0.0,True
omega_b_low,density,JIT,gammat,0.0,0.0,0.0,True
omega_b_low,density,JIT,cl_wtheta,1.0901050486968212e-13,8.696575850470758e-14,3.394651359227891e-13,True
omega_b_low,density,JIT,wtheta,7.017592355509272e-15,9.915732285207852e-15,1.1985169560342973e-11,True
omega_b_low,weyl,eager,nonlimber,1.0594224188027861e-13,1.0260668738958224e-13,3.2248049187227864e-13,True
omega_b_low,weyl,eager,cl_xip,1.828699791724115e-15,3.7688874390501884e-16,4.441647615635202e-15,True
omega_b_low,weyl,eager,xip,3.410981294410631e-16,2.294571222977556e-16,1.0165855301348655e-15,True
omega_b_low,weyl,eager,cl_xim,1.828699791724115e-15,4.190519590223561e-16,4.426510820594926e-15,True
omega_b_low,weyl,eager,xim,3.692293217294762e-16,2.798579512281108e-16,8.199701222924726e-16,True
omega_b_low,weyl,eager,cl_gammat,1.4599507566405473e-15,2.8578221682107014e-16,1.1976416801422059e-14,True
omega_b_low,weyl,eager,gammat,3.6467539766562596e-16,2.1896193094573273e-16,8.557679974323191e-16,True
omega_b_low,weyl,eager,cl_wtheta,1.0673081750548725e-13,8.69953240245855e-14,3.568788574396492e-13,True
omega_b_low,weyl,eager,wtheta,7.533591793414366e-15,1.0728761394602258e-14,1.197012504417035e-11,True
omega_b_low,weyl,JIT,nonlimber,1.0820508588160494e-13,1.02685766445572e-13,3.2550753028159287e-13,True
omega_b_low,weyl,JIT,cl_xip,0.0,0.0,0.0,True
omega_b_low,weyl,JIT,xip,0.0,0.0,0.0,True
omega_b_low,weyl,JIT,cl_xim,0.0,0.0,0.0,True
omega_b_low,weyl,JIT,xim,0.0,0.0,0.0,True
omega_b_low,weyl,JIT,cl_gammat,0.0,0.0,0.0,True
omega_b_low,weyl,JIT,gammat,0.0,0.0,0.0,True
omega_b_low,weyl,JIT,cl_wtheta,1.0901050486968212e-13,8.696575850470758e-14,3.394651359227891e-13,True
omega_b_low,weyl,JIT,wtheta,7.017592355509272e-15,9.915732285207852e-15,1.1985169560342973e-11,True
omega_b_high,density,eager,nonlimber,2.2046024337369943e-13,1.4500658797635933e-13,2.8518250737568864e-13,True
omega_b_high,density,eager,cl_xip,1.9103245058948095e-15,3.7600897084525037e-16,5.1576304634892005e-15,True
omega_b_high,density,eager,xip,1.7313497612492949e-16,1.9398570568933312e-16,1.3025096639764e-15,True
omega_b_high,density,eager,cl_xim,1.9103245058948095e-15,3.7880608917848997e-16,4.624520363307923e-15,True
omega_b_high,density,eager,xim,3.745456891571465e-16,2.498407597080261e-16,5.364884054537262e-16,True
omega_b_high,density,eager,cl_gammat,2.538911682695558e-15,3.4606582216578264e-16,1.5128150596670584e-14,True
omega_b_high,density,eager,gammat,2.4787774291990086e-16,2.0429493362131303e-16,1.2188349964581883e-15,True
omega_b_high,density,eager,cl_wtheta,2.216690673052101e-13,1.0999014989149977e-13,3.020911820957447e-13,True
omega_b_high,density,eager,wtheta,1.2737342003816874e-14,1.512698665283692e-14,4.301161906187659e-12,True
omega_b_high,density,JIT,nonlimber,2.2066724829705503e-13,1.4478562448237813e-13,2.966856962823282e-13,True
omega_b_high,density,JIT,cl_xip,0.0,0.0,0.0,True
omega_b_high,density,JIT,xip,0.0,0.0,0.0,True
omega_b_high,density,JIT,cl_xim,0.0,0.0,0.0,True
omega_b_high,density,JIT,xim,0.0,0.0,0.0,True
omega_b_high,density,JIT,cl_gammat,0.0,0.0,0.0,True
omega_b_high,density,JIT,gammat,0.0,0.0,0.0,True
omega_b_high,density,JIT,cl_wtheta,2.2156480151626128e-13,1.0968508205109383e-13,2.955945975345459e-13,True
omega_b_high,density,JIT,wtheta,1.1675896836832134e-14,1.4117966293651027e-14,3.4324387466565113e-12,True
omega_b_high,weyl,eager,nonlimber,2.2046024337369943e-13,1.4500661563658908e-13,2.8518250737568864e-13,True
omega_b_high,weyl,eager,cl_xip,3.0019245772134574e-15,5.994982758629975e-16,7.879495236105521e-15,True
omega_b_high,weyl,eager,xip,3.462697840032727e-16,2.419135127845478e-16,1.0759763667982523e-15,True
omega_b_high,weyl,eager,cl_xim,1.7283808171835058e-15,4.07777741867534e-16,4.183684744579969e-15,True
omega_b_high,weyl,eager,xim,3.7454552625652655e-16,2.3137694235101073e-16,8.047324995088799e-16,True
omega_b_high,weyl,eager,cl_gammat,2.1898079891657784e-15,3.5378739508860796e-16,1.5262296985259625e-14,True
omega_b_high,weyl,eager,gammat,4.3378598912821367e-16,2.406344562638688e-16,1.525840102213022e-15,True
omega_b_high,weyl,eager,cl_wtheta,2.216690673052101e-13,1.0999041422360061e-13,3.020911820957447e-13,True
omega_b_high,weyl,eager,wtheta,1.2737342003816874e-14,1.5126957832307583e-14,4.301161906187659e-12,True
omega_b_high,weyl,JIT,nonlimber,2.2066724829705503e-13,1.4478564310127403e-13,2.966856962823282e-13,True
omega_b_high,weyl,JIT,cl_xip,0.0,0.0,0.0,True
omega_b_high,weyl,JIT,xip,0.0,0.0,0.0,True
omega_b_high,weyl,JIT,cl_xim,0.0,0.0,0.0,True
omega_b_high,weyl,JIT,xim,0.0,0.0,0.0,True
omega_b_high,weyl,JIT,cl_gammat,0.0,0.0,0.0,True
omega_b_high,weyl,JIT,gammat,0.0,0.0,0.0,True
omega_b_high,weyl,JIT,cl_wtheta,2.2156480151626128e-13,1.0968523873923381e-13,2.955945975345459e-13,True
omega_b_high,weyl,JIT,wtheta,1.1675896836832134e-14,1.4117932220167741e-14,3.4324387466565113e-12,True
omega_cdm_low,density,eager,nonlimber,1.9214171098098343e-13,1.3671613555145622e-13,2.550547718198654e-13,True
omega_cdm_low,density,eager,cl_xip,1.2667846660611335e-15,3.316535221366243e-16,3.4628098960035537e-15,True
omega_cdm_low,density,eager,xip,3.1554508906154717e-16,2.389514460445506e-16,9.798264375722802e-16,True
omega_cdm_low,density,eager,cl_xim,7.79559794499159e-16,2.2704984434185215e-16,2.234200946713391e-15,True
omega_cdm_low,density,eager,xim,3.0251568591719494e-16,1.84853954214877e-16,8.310566021864161e-16,True
omega_cdm_low,density,eager,cl_gammat,4.679952966948212e-15,6.022490720712246e-16,2.6642830288732304e-14,True
omega_cdm_low,density,eager,gammat,4.351856724638189e-16,1.9133108020721098e-16,9.868619025798862e-16,True
omega_cdm_low,density,eager,cl_wtheta,1.9323637675396348e-13,1.0762978909215242e-13,2.4507410829242786e-13,True
omega_cdm_low,density,eager,wtheta,1.2250264663116511e-14,1.5002874678908695e-14,6.120265726032071e-11,True
omega_cdm_low,density,JIT,nonlimber,1.8954249949008563e-13,1.3531542862764966e-13,2.569384850533947e-13,True
omega_cdm_low,density,JIT,cl_xip,0.0,0.0,0.0,True
omega_cdm_low,density,JIT,xip,0.0,0.0,0.0,True
omega_cdm_low,density,JIT,cl_xim,0.0,0.0,0.0,True
omega_cdm_low,density,JIT,xim,0.0,0.0,0.0,True
omega_cdm_low,density,JIT,cl_gammat,0.0,0.0,0.0,True
omega_cdm_low,density,JIT,gammat,0.0,0.0,0.0,True
omega_cdm_low,density,JIT,cl_wtheta,1.9062235708923766e-13,1.062854747245445e-13,2.4027544690277215e-13,True
omega_cdm_low,density,JIT,wtheta,1.1893460837977195e-14,1.4778251345659923e-14,5.906016548689342e-11,True
omega_cdm_low,weyl,eager,nonlimber,1.9214171098098343e-13,1.3671617865142315e-13,2.550547718198654e-13,True
omega_cdm_low,weyl,eager,cl_xip,4.384998545270791e-15,7.565552152667027e-16,1.0910593054798079e-14,True
omega_cdm_low,weyl,eager,xip,5.259082068683947e-16,3.2881536170415396e-16,1.3000464734651835e-15,True
omega_cdm_low,weyl,eager,cl_xim,1.2911384605519551e-15,3.613719323604746e-16,6.5784198246932035e-15,True
omega_cdm_low,weyl,eager,xim,3.025155398632747e-16,2.491441274141766e-16,6.417062594189337e-16,True
omega_cdm_low,weyl,eager,cl_gammat,1.839702626802995e-15,3.229418017382239e-16,1.1146008082468372e-14,True
omega_cdm_low,weyl,eager,gammat,6.527784077856959e-16,2.9120867725461944e-16,1.077277825136597e-15,True
omega_cdm_low,weyl,eager,cl_wtheta,1.9323637675396348e-13,1.0763018807200781e-13,2.4507410829242786e-13,True
omega_cdm_low,weyl,eager,wtheta,1.2250264663116511e-14,1.50029223662075e-14,6.120265726032071e-11,True
omega_cdm_low,weyl,JIT,nonlimber,1.8954249949008563e-13,1.353154756739221e-13,2.569384850533947e-13,True
omega_cdm_low,weyl,JIT,cl_xip,0.0,0.0,0.0,True
omega_cdm_low,weyl,JIT,xip,0.0,0.0,0.0,True
omega_cdm_low,weyl,JIT,cl_xim,0.0,0.0,0.0,True
omega_cdm_low,weyl,JIT,xim,0.0,0.0,0.0,True
omega_cdm_low,weyl,JIT,cl_gammat,0.0,0.0,0.0,True
omega_cdm_low,weyl,JIT,gammat,0.0,0.0,0.0,True
omega_cdm_low,weyl,JIT,cl_wtheta,1.9062235708923766e-13,1.0628590067480232e-13,2.4027544690277215e-13,True
omega_cdm_low,weyl,JIT,wtheta,1.1893460837977195e-14,1.4778312118300486e-14,5.906016548689342e-11,True
omega_cdm_high,density,eager,nonlimber,4.6554199204444464e-14,4.871182053050767e-14,1.4460170999931867e-13,True
omega_cdm_high,density,eager,cl_xip,1.5427113273634816e-15,2.8450509811353475e-16,5.5460709245600125e-15,True
omega_cdm_high,density,eager,xip,2.143228922747393e-16,2.0471302253235937e-16,8.307424415383092e-16,True
omega_cdm_high,density,eager,cl_xim,1.0713273106690845e-15,2.9543390792668726e-16,5.5460709245600125e-15,True
omega_cdm_high,density,eager,xim,2.0776027934295053e-16,2.0522468493964786e-16,5.60981104441913e-16,True
omega_cdm_high,density,eager,cl_gammat,2.1275693962722355e-15,3.4843402518494586e-16,1.541060115747134e-14,True
omega_cdm_high,density,eager,gammat,4.240049444478844e-16,2.346345110645847e-16,8.619202825680958e-16,True
omega_cdm_high,density,eager,cl_wtheta,4.690295791925827e-14,4.252181119661583e-14,1.598225750106439e-13,True
omega_cdm_high,density,eager,wtheta,1.8488348624251596e-15,2.4044130124969102e-15,2.4955173266542856e-12,True
omega_cdm_high,density,JIT,nonlimber,4.6128560811718114e-14,4.8929123853809944e-14,1.8402437447111567e-13,True
omega_cdm_high,density,JIT,cl_xip,0.0,0.0,0.0,True
omega_cdm_high,density,JIT,xip,0.0,0.0,0.0,True
omega_cdm_high,density,JIT,cl_xim,0.0,0.0,0.0,True
omega_cdm_high,density,JIT,xim,0.0,0.0,0.0,True
omega_cdm_high,density,JIT,cl_gammat,0.0,0.0,0.0,True
omega_cdm_high,density,JIT,gammat,0.0,0.0,0.0,True
omega_cdm_high,density,JIT,cl_wtheta,4.6474130875425046e-14,4.280892996694373e-14,1.739231003831821e-13,True
omega_cdm_high,density,JIT,wtheta,1.7890067413837773e-15,3.1764585144462053e-15,2.600364517394163e-12,True
omega_cdm_high,weyl,eager,nonlimber,4.6554199204444464e-14,4.871163684557335e-14,1.4460170999931867e-13,True
omega_cdm_high,weyl,eager,cl_xip,3.128262140339265e-15,4.646445761743689e-16,8.171333109523422e-15,True
omega_cdm_high,weyl,eager,xip,2.8576372849753296e-16,2.0787618454627364e-16,1.6114475811719673e-15,True
omega_cdm_high,weyl,eager,cl_xim,1.0284697447690734e-15,3.0502956206284867e-16,2.554355103385485e-15,True
omega_cdm_high,weyl,eager,xim,2.077601883936809e-16,1.623360301630915e-16,6.190077082510697e-16,True
omega_cdm_high,weyl,eager,cl_gammat,3.4729395188389242e-15,4.446753697707771e-16,2.1460634489623078e-14,True
omega_cdm_high,weyl,eager,gammat,5.300061015963209e-16,3.0910301546489706e-16,1.0865953414656142e-15,True
omega_cdm_high,weyl,eager,cl_wtheta,4.690295791925827e-14,4.252094943303614e-14,1.598225750106439e-13,True
omega_cdm_high,weyl,eager,wtheta,1.8459164174963118e-15,2.403327717659861e-15,2.4955173266542856e-12,True
omega_cdm_high,weyl,JIT,nonlimber,4.6128560811718114e-14,4.892891555583772e-14,1.8402437447111567e-13,True
omega_cdm_high,weyl,JIT,cl_xip,0.0,0.0,0.0,True
omega_cdm_high,weyl,JIT,xip,0.0,0.0,0.0,True
omega_cdm_high,weyl,JIT,cl_xim,0.0,0.0,0.0,True
omega_cdm_high,weyl,JIT,xim,0.0,0.0,0.0,True
omega_cdm_high,weyl,JIT,cl_gammat,0.0,0.0,0.0,True
omega_cdm_high,weyl,JIT,gammat,0.0,0.0,0.0,True
omega_cdm_high,weyl,JIT,cl_wtheta,4.6474130875425046e-14,4.2807973931598434e-14,1.739231003831821e-13,True
omega_cdm_high,weyl,JIT,wtheta,1.7860882964549294e-15,3.177043508925453e-15,2.600364517394163e-12,True
logA_low,density,eager,nonlimber,7.705700265613071e-14,7.623780429748806e-14,2.2465594155346854e-13,True
logA_low,density,eager,cl_xip,2.4605826102553055e-15,4.560579049834328e-16,6.276058719609751e-15,True
logA_low,density,eager,xip,1.9052823495388742e-16,2.1941168603357691e-16,1.5734673009531365e-15,True
logA_low,density,eager,cl_xim,3.936932176408489e-16,1.7348600618559877e-16,8.722021018345444e-16,True
logA_low,density,eager,xim,2.709538299196118e-16,1.7456108510960694e-16,7.441307373708945e-16,True
logA_low,density,eager,cl_gammat,1.1641683570758254e-15,2.4444316709454986e-16,1.0460388600365476e-14,True
logA_low,density,eager,gammat,2.690850349197295e-16,1.6951563159677102e-16,1.0970689442645506e-15,True
logA_low,density,eager,cl_wtheta,7.753830015988363e-14,6.457691434758201e-14,2.824840487639846e-13,True
logA_low,density,eager,wtheta,5.240761065625324e-15,6.925292909770413e-15,6.2811336092936666e-12,True
logA_low,density,JIT,nonlimber,7.572075405515735e-14,7.471260337447039e-14,2.1980950161738118e-13,True
logA_low,density,JIT,cl_xip,0.0,0.0,0.0,True
logA_low,density,JIT,xip,0.0,0.0,0.0,True
logA_low,density,JIT,cl_xim,0.0,0.0,0.0,True
logA_low,density,JIT,xim,0.0,0.0,0.0,True
logA_low,density,JIT,cl_gammat,0.0,0.0,0.0,True
logA_low,density,JIT,gammat,0.0,0.0,0.0,True
logA_low,density,JIT,cl_wtheta,7.619273312890951e-14,6.381830398087969e-14,2.7080593725083664e-13,True
logA_low,density,JIT,wtheta,5.35722242263922e-15,6.926394334278877e-15,4.923319735416598e-12,True
logA_low,weyl,eager,nonlimber,7.705700265613071e-14,7.623762549324486e-14,2.2465594155346854e-13,True
logA_low,weyl,eager,cl_xip,2.608205285384523e-15,4.898001490439659e-16,7.231984808887954e-15,True
logA_low,weyl,eager,xip,3.8105628684708246e-16,2.3826290581303606e-16,1.1952344174264366e-15,True
logA_low,weyl,eager,cl_xim,5.413256252684859e-16,2.228223815069122e-16,1.389345999954277e-15,True
logA_low,weyl,eager,xim,2.709537066622922e-16,1.8169169569105178e-16,1.0078699758872444e-15,True
logA_low,weyl,eager,cl_gammat,2.8076957420504824e-15,4.778205018943894e-16,2.0913831195242478e-14,True
logA_low,weyl,eager,gammat,2.690849971941583e-16,1.852906436276931e-16,1.2127717298835348e-15,True
logA_low,weyl,eager,cl_wtheta,7.753830015988363e-14,6.457803405428697e-14,2.824840487639846e-13,True
logA_low,weyl,eager,wtheta,5.240761065625324e-15,6.9246640923271855e-15,6.2811336092936666e-12,True
logA_low,weyl,JIT,nonlimber,7.572075405515735e-14,7.471250306455657e-14,2.1980950161738118e-13,True
logA_low,weyl,JIT,cl_xip,0.0,0.0,0.0,True
logA_low,weyl,JIT,xip,0.0,0.0,0.0,True
logA_low,weyl,JIT,cl_xim,0.0,0.0,0.0,True
logA_low,weyl,JIT,xim,0.0,0.0,0.0,True
logA_low,weyl,JIT,cl_gammat,0.0,0.0,0.0,True
logA_low,weyl,JIT,gammat,0.0,0.0,0.0,True
logA_low,weyl,JIT,cl_wtheta,7.619273312890951e-14,6.381940217621673e-14,2.7080593725083664e-13,True
logA_low,weyl,JIT,wtheta,5.35722242263922e-15,6.925719496514674e-15,4.923319735416598e-12,True
logA_high,density,eager,nonlimber,7.705040566811705e-14,7.616587313798901e-14,2.2620995309187988e-13,True
logA_high,density,eager,cl_xip,2.0141985224224634e-15,4.410829043977463e-16,5.536976478027875e-15,True
logA_high,density,eager,xip,3.0673352322705485e-16,2.4677984564170104e-16,1.153848837089756e-15,True
logA_high,density,eager,cl_xim,1.426723953382578e-15,3.1072501721656704e-16,3.4530794761801945e-15,True
logA_high,density,eager,xim,2.252039042869899e-16,1.1539736091641978e-16,5.594728597972856e-16,True
logA_high,density,eager,cl_gammat,2.219821218251109e-15,2.95549176277137e-16,1.742050541904582e-14,True
logA_high,density,eager,gammat,3.333940547745326e-16,2.0587066097528053e-16,1.0328298307017011e-15,True
logA_high,density,eager,cl_wtheta,7.761202032878983e-14,6.460999372672695e-14,2.9074460213798997e-13,True
logA_high,density,eager,wtheta,5.116166900953747e-15,6.762733518409821e-15,6.479093061470868e-12,True
logA_high,density,JIT,nonlimber,7.562706073582426e-14,7.469037978678164e-14,2.2141398235494956e-13,True
logA_high,density,JIT,cl_xip,0.0,0.0,0.0,True
logA_high,density,JIT,xip,0.0,0.0,0.0,True
logA_high,density,JIT,cl_xim,0.0,0.0,0.0,True
logA_high,density,JIT,xim,0.0,0.0,0.0,True
logA_high,density,JIT,cl_gammat,0.0,0.0,0.0,True
logA_high,density,JIT,gammat,0.0,0.0,0.0,True
logA_high,density,JIT,cl_wtheta,7.62252374640117e-14,6.390173005586086e-14,2.852309440955951e-13,True
logA_high,density,JIT,wtheta,5.116166900953747e-15,6.652808026342758e-15,5.0428285819313525e-12,True
logA_high,weyl,eager,nonlimber,7.705040566811705e-14,7.61659251223698e-14,2.2620995309187988e-13,True
logA_high,weyl,eager,cl_xip,1.9722267662191178e-15,4.5523222460487515e-16,5.657124582978943e-15,True
logA_high,weyl,eager,xip,1.533666889390129e-16,2.0139548379110118e-16,1.3755344196608074e-15,True
logA_high,weyl,eager,cl_xim,8.392454324336672e-16,2.599639131551264e-16,4.308039780252528e-15,True
logA_high,weyl,eager,xim,3.378057006632267e-16,2.2609731868953254e-16,9.186138921098054e-16,True
logA_high,weyl,eager,cl_gammat,3.3005184652113553e-15,4.335385857344104e-16,2.086852988470881e-14,True
logA_high,weyl,eager,gammat,4.445253437378032e-16,2.2606593398227145e-16,1.0451857993222536e-15,True
logA_high,weyl,eager,cl_wtheta,7.761202032878983e-14,6.461048254016693e-14,2.9074460213798997e-13,True
logA_high,weyl,eager,wtheta,5.116166900953747e-15,6.7623796058170565e-15,6.479093061470868e-12,True
logA_high,weyl,JIT,nonlimber,7.562706073582426e-14,7.469042954777454e-14,2.2141398235494956e-13,True
logA_high,weyl,JIT,cl_xip,0.0,0.0,0.0,True
logA_high,weyl,JIT,xip,0.0,0.0,0.0,True
logA_high,weyl,JIT,cl_xim,0.0,0.0,0.0,True
logA_high,weyl,JIT,xim,0.0,0.0,0.0,True
logA_high,weyl,JIT,cl_gammat,0.0,0.0,0.0,True
logA_high,weyl,JIT,gammat,0.0,0.0,0.0,True
logA_high,weyl,JIT,cl_wtheta,7.62252374640117e-14,6.390217945592117e-14,2.852309440955951e-13,True
logA_high,weyl,JIT,wtheta,5.116166900953747e-15,6.652394881591163e-15,5.0428285819313525e-12,True
n_s_low,density,eager,nonlimber,7.755517542981839e-14,7.608641810925786e-14,2.280905110090868e-13,True
n_s_low,density,eager,cl_xip,3.41458794860302e-15,5.32162020566258e-16,9.362001934005772e-15,True
n_s_low,density,eager,xip,1.7593591093495487e-16,1.9048990058167897e-16,1.0240275230776005e-15,True
n_s_low,density,eager,cl_xim,2.5390525771663486e-15,4.94810633908543e-16,5.927225924579276e-15,True
n_s_low,density,eager,xim,6.569823245077052e-17,4.930965097227123e-17,8.343073951676935e-16,True
n_s_low,density,eager,cl_gammat,1.6477358143188222e-15,2.715572857571682e-16,2.009742432678326e-14,True
n_s_low,density,eager,gammat,5.176634558993346e-16,2.0620166508253832e-16,9.828017605374322e-16,True
n_s_low,density,eager,cl_wtheta,7.805150385303197e-14,6.469056949986292e-14,3.011636034971757e-13,True
n_s_low,density,eager,wtheta,5.922350941120758e-15,7.511703766016683e-15,1.9499797806370774e-11,True
n_s_low,density,JIT,nonlimber,7.582182221139973e-14,7.428741456935225e-14,2.176425815934415e-13,True
n_s_low,density,JIT,cl_xip,0.0,0.0,0.0,True
n_s_low,density,JIT,xip,0.0,0.0,0.0,True
n_s_low,density,JIT,cl_xim,0.0,0.0,0.0,True
n_s_low,density,JIT,xim,0.0,0.0,0.0,True
n_s_low,density,JIT,cl_gammat,0.0,0.0,0.0,True
n_s_low,density,JIT,gammat,0.0,0.0,0.0,True
n_s_low,density,JIT,cl_wtheta,7.655626431561756e-14,6.359480806217696e-14,2.8349643439706853e-13,True
n_s_low,density,JIT,wtheta,6.0300300491411355e-15,7.430611850650839e-15,1.536619498023384e-11,True
n_s_low,weyl,eager,nonlimber,7.755517542981839e-14,7.60865075118802e-14,2.280905110090868e-13,True
n_s_low,weyl,eager,cl_xip,3.3270162711220805e-15,4.855984610874399e-16,7.765933496525904e-15,True
n_s_low,weyl,eager,xip,2.6390373852251137e-16,2.4863328101621605e-16,1.4638401104977706e-15,True
n_s_low,weyl,eager,cl_xim,3.3270162711220805e-15,6.729372346641118e-16,7.765933496525904e-15,True
n_s_low,weyl,eager,xim,2.627928096057408e-16,1.7524269732269486e-16,7.779776487578076e-16,True
n_s_low,weyl,eager,cl_gammat,5.873863777965726e-16,2.0963039621440607e-16,1.0866279822182358e-14,True
n_s_low,weyl,eager,gammat,3.8824753735542087e-16,2.1542504993807566e-16,1.2628834261374178e-15,True
n_s_low,weyl,eager,cl_wtheta,7.805150385303197e-14,6.469056949986292e-14,3.011636034971757e-13,True
n_s_low,weyl,eager,wtheta,5.922350941120758e-15,7.511703766016683e-15,1.9499797806370774e-11,True
n_s_low,weyl,JIT,nonlimber,7.582182221139973e-14,7.428748158351684e-14,2.176425815934415e-13,True
n_s_low,weyl,JIT,cl_xip,0.0,0.0,0.0,True
n_s_low,weyl,JIT,xip,0.0,0.0,0.0,True
n_s_low,weyl,JIT,cl_xim,0.0,0.0,0.0,True
n_s_low,weyl,JIT,xim,0.0,0.0,0.0,True
n_s_low,weyl,JIT,cl_gammat,0.0,0.0,0.0,True
n_s_low,weyl,JIT,gammat,0.0,0.0,0.0,True
n_s_low,weyl,JIT,cl_wtheta,7.655626431561756e-14,6.359480806217696e-14,2.8349643439706853e-13,True
n_s_low,weyl,JIT,wtheta,6.0300300491411355e-15,7.430611850650839e-15,1.536619498023384e-11,True
n_s_high,density,eager,nonlimber,7.722599670095106e-14,7.680621785460737e-14,2.33362745714592e-13,True
n_s_high,density,eager,cl_xip,4.6066913851221635e-15,5.448283501251547e-16,1.1565974633460624e-14,True
n_s_high,density,eager,xip,3.3500959749612153e-16,2.7642872427908257e-16,1.269282426349325e-15,True
n_s_high,density,eager,cl_xim,4.6066913851221635e-15,8.493692070809028e-16,1.1565974633460624e-14,True
n_s_high,density,eager,xim,3.506255196404373e-16,1.8446254909937018e-16,6.696421159014043e-16,True
n_s_high,density,eager,cl_gammat,4.292286611329373e-16,1.8844049615789967e-16,9.291269840956425e-15,True
n_s_high,density,eager,gammat,3.487950625910856e-16,2.0882664356522757e-16,9.71119821792953e-16,True
n_s_high,density,eager,cl_wtheta,7.772346778494183e-14,6.489867000093861e-14,3.1051708649354173e-13,True
n_s_high,density,eager,wtheta,4.667023526003178e-15,6.39863731969284e-15,3.749100114736298e-12,True
n_s_high,density,JIT,nonlimber,7.582872744957685e-14,7.515299869984027e-14,2.2408390890685475e-13,True
n_s_high,density,JIT,cl_xip,0.0,0.0,0.0,True
n_s_high,density,JIT,xip,0.0,0.0,0.0,True
n_s_high,density,JIT,cl_xim,0.0,0.0,0.0,True
n_s_high,density,JIT,xim,0.0,0.0,0.0,True
n_s_high,density,JIT,cl_gammat,0.0,0.0,0.0,True
n_s_high,density,JIT,gammat,0.0,0.0,0.0,True
n_s_high,density,JIT,cl_wtheta,7.642356309724942e-14,6.404092904291107e-14,3.034918130434616e-13,True
n_s_high,density,JIT,wtheta,4.667023526003178e-15,6.3279305965013405e-15,2.861807162024723e-12,True
n_s_high,weyl,eager,nonlimber,7.722599670095106e-14,7.680632432100167e-14,2.33362745714592e-13,True
n_s_high,weyl,eager,cl_xip,2.5170464897987904e-15,4.602291280747112e-16,6.492881791223483e-15,True
n_s_high,weyl,eager,xip,5.025141601582923e-16,3.510584058298006e-16,1.0575004834990257e-15,True
n_s_high,weyl,eager,cl_xim,1.757183398538778e-15,3.915113815463631e-16,4.411347281291021e-15,True
n_s_high,weyl,eager,xim,2.337502392806914e-16,1.5802029871976626e-16,1.1368853092254696e-15,True
n_s_high,weyl,eager,cl_gammat,3.301753759269212e-15,4.853169810324482e-16,2.1036657670922483e-14,True
n_s_high,weyl,eager,gammat,4.65060018100971e-16,2.546472587604168e-16,1.1008685870869046e-15,True
n_s_high,weyl,eager,cl_wtheta,7.772346778494183e-14,6.489867000093861e-14,3.1051708649354173e-13,True
n_s_high,weyl,eager,wtheta,4.667023526003178e-15,6.39863731969284e-15,3.749100114736298e-12,True
n_s_high,weyl,JIT,nonlimber,7.582872744957685e-14,7.515307878879163e-14,2.2408390890685475e-13,True
n_s_high,weyl,JIT,cl_xip,0.0,0.0,0.0,True
n_s_high,weyl,JIT,xip,0.0,0.0,0.0,True
n_s_high,weyl,JIT,cl_xim,0.0,0.0,0.0,True
n_s_high,weyl,JIT,xim,0.0,0.0,0.0,True
n_s_high,weyl,JIT,cl_gammat,0.0,0.0,0.0,True
n_s_high,weyl,JIT,gammat,0.0,0.0,0.0,True
n_s_high,weyl,JIT,cl_wtheta,7.642356309724942e-14,6.404092904291107e-14,3.034918130434616e-13,True
n_s_high,weyl,JIT,wtheta,4.667023526003178e-15,6.3279305965013405e-15,2.861807162024723e-12,True
tau_reio_low,density,eager,nonlimber,7.70104098360443e-14,7.62293436646471e-14,2.262331743703849e-13,True
tau_reio_low,density,eager,cl_xip,1.2313658632050514e-15,2.8556401015974262e-16,5.130368202059818e-15,True
tau_reio_low,density,eager,xip,3.4356387236948385e-16,2.3430065785968237e-16,1.109582463919466e-15,True
tau_reio_low,density,eager,cl_xim,3.6484914465334854e-16,1.5362000916875579e-16,1.7557833220153029e-15,True
tau_reio_low,density,eager,xim,3.717890808351935e-16,2.570747972682704e-16,6.755812545043079e-16,True
tau_reio_low,density,eager,cl_gammat,2.4120044196042744e-15,3.5663980268161604e-16,1.4337203696747256e-14,True
tau_reio_low,density,eager,gammat,2.4539297700510356e-16,2.266336363338451e-16,1.2768660068323293e-15,True
tau_reio_low,density,eager,cl_wtheta,7.752909108722247e-14,6.451321966618286e-14,2.8728918542128464e-13,True
tau_reio_low,density,eager,wtheta,5.229952962426044e-15,6.931298463018058e-15,6.302958066036095e-12,True
tau_reio_low,density,JIT,nonlimber,7.608195211531504e-14,7.472789182168466e-14,2.2101909352702134e-13,True
tau_reio_low,density,JIT,cl_xip,0.0,0.0,0.0,True
tau_reio_low,density,JIT,xip,0.0,0.0,0.0,True
tau_reio_low,density,JIT,cl_xim,0.0,0.0,0.0,True
tau_reio_low,density,JIT,xim,0.0,0.0,0.0,True
tau_reio_low,density,JIT,cl_gammat,0.0,0.0,0.0,True
tau_reio_low,density,JIT,gammat,0.0,0.0,0.0,True
tau_reio_low,density,JIT,cl_wtheta,7.664571672496861e-14,6.38133555728475e-14,2.8041763747482136e-13,True
tau_reio_low,density,JIT,wtheta,5.229952962426044e-15,6.851638575588709e-15,4.878094342175653e-12,True
tau_reio_low,weyl,eager,nonlimber,7.70104098360443e-14,7.622928142103615e-14,2.262331743703849e-13,True
tau_reio_low,weyl,eager,cl_xip,1.7330253539239613e-15,3.2946347396512616e-16,6.782568191410861e-15,True
tau_reio_low,weyl,eager,xip,5.153455566845013e-16,2.728695436211055e-16,1.4983666696119565e-15,True
tau_reio_low,weyl,eager,cl_xim,3.648474429313603e-16,2.2989666197959246e-16,1.1432978529720296e-15,True
tau_reio_low,weyl,eager,xim,2.478592812575937e-16,2.0641660922211117e-16,9.608121677394076e-16,True
tau_reio_low,weyl,eager,cl_gammat,1.0711187154712832e-15,3.0269152901367865e-16,2.422262858796404e-14,True
tau_reio_low,weyl,eager,gammat,2.453929451111392e-16,1.7656854796394312e-16,1.4287009395230584e-15,True
tau_reio_low,weyl,eager,cl_wtheta,7.752909108722247e-14,6.451268586189264e-14,2.8728918542128464e-13,True
tau_reio_low,weyl,eager,wtheta,5.229952962426044e-15,6.931298463018058e-15,6.302958066036095e-12,True
tau_reio_low,weyl,JIT,nonlimber,7.608195211531504e-14,7.472782942455109e-14,2.2101909352702134e-13,True
tau_reio_low,weyl,JIT,cl_xip,0.0,0.0,0.0,True
tau_reio_low,weyl,JIT,xip,0.0,0.0,0.0,True
tau_reio_low,weyl,JIT,cl_xim,0.0,0.0,0.0,True
tau_reio_low,weyl,JIT,xim,0.0,0.0,0.0,True
tau_reio_low,weyl,JIT,cl_gammat,0.0,0.0,0.0,True
tau_reio_low,weyl,JIT,gammat,0.0,0.0,0.0,True
tau_reio_low,weyl,JIT,cl_wtheta,7.664571672496861e-14,6.381283166792454e-14,2.8041763747482136e-13,True
tau_reio_low,weyl,JIT,wtheta,5.229952962426044e-15,6.851638575588709e-15,4.878094342175653e-12,True
tau_reio_high,density,eager,nonlimber,7.691086826130915e-14,7.584733359944261e-14,2.2378051803054258e-13,True
tau_reio_high,density,eager,cl_xip,2.2804134665392302e-15,4.53845083083274e-16,7.185428608420268e-15,True
tau_reio_high,density,eager,xip,1.7178489539976987e-16,1.9122005526431112e-16,1.1239891384270921e-15,True
tau_reio_high,density,eager,cl_xim,1.3682480799235381e-15,3.035573756085084e-16,3.312102561875672e-15,True
tau_reio_high,density,eager,xim,1.2392965537071326e-16,1.141295154999291e-16,7.228061267907293e-16,True
tau_reio_high,density,eager,cl_gammat,9.204134710725038e-16,1.8624493402330347e-16,7.240104786297757e-15,True
tau_reio_high,density,eager,gammat,1.840447247707952e-16,1.5574811630364586e-16,1.0623585508585627e-15,True
tau_reio_high,density,eager,cl_wtheta,7.753273531476328e-14,6.443856464208408e-14,2.85545905699867e-13,True
tau_reio_high,density,eager,wtheta,5.3346197654306454e-15,6.906563310676036e-15,6.297523022844693e-12,True
tau_reio_high,density,JIT,nonlimber,7.5879200008307e-14,7.472363207305546e-14,2.2117336636416732e-13,True
tau_reio_high,density,JIT,cl_xip,0.0,0.0,0.0,True
tau_reio_high,density,JIT,xip,0.0,0.0,0.0,True
tau_reio_high,density,JIT,cl_xim,0.0,0.0,0.0,True
tau_reio_high,density,JIT,xim,0.0,0.0,0.0,True
tau_reio_high,density,JIT,cl_gammat,0.0,0.0,0.0,True
tau_reio_high,density,JIT,gammat,0.0,0.0,0.0,True
tau_reio_high,density,JIT,cl_wtheta,7.644145686864397e-14,6.388988053441774e-14,2.811596398673038e-13,True
tau_reio_high,density,JIT,wtheta,5.230019377873182e-15,6.788605616062007e-15,4.9568315717428896e-12,True
tau_reio_high,weyl,eager,nonlimber,7.691086826130915e-14,7.584743458281557e-14,2.2378051803054258e-13,True
tau_reio_high,weyl,eager,cl_xip,1.915538286183598e-15,4.576624237290095e-16,6.035589527809245e-15,True
tau_reio_high,weyl,eager,xip,3.4356962417888553e-16,2.3915499339624094e-16,1.284376985432157e-15,True
tau_reio_high,weyl,eager,cl_xim,9.121610886588562e-16,2.5823694713331565e-16,2.2078530537575603e-15,True
tau_reio_high,weyl,eager,xim,4.957183972481148e-16,3.1183884415940744e-16,8.831641335316646e-16,True
tau_reio_high,weyl,eager,cl_gammat,9.20412049605193e-16,2.424003679686355e-16,1.3671737758593603e-14,True
tau_reio_high,weyl,eager,gammat,3.680893988294173e-16,2.198956203765993e-16,1.1686796125871022e-15,True
tau_reio_high,weyl,eager,cl_wtheta,7.753273531476328e-14,6.443856464208408e-14,2.85545905699867e-13,True
tau_reio_high,weyl,eager,wtheta,5.3346197654306454e-15,6.906563310676036e-15,6.297523022844693e-12,True
tau_reio_high,weyl,JIT,nonlimber,7.5879200008307e-14,7.472369342795302e-14,2.2117336636416732e-13,True
tau_reio_high,weyl,JIT,cl_xip,0.0,0.0,0.0,True
tau_reio_high,weyl,JIT,xip,0.0,0.0,0.0,True
tau_reio_high,weyl,JIT,cl_xim,0.0,0.0,0.0,True
tau_reio_high,weyl,JIT,xim,0.0,0.0,0.0,True
tau_reio_high,weyl,JIT,cl_gammat,0.0,0.0,0.0,True
tau_reio_high,weyl,JIT,gammat,0.0,0.0,0.0,True
tau_reio_high,weyl,JIT,cl_wtheta,7.644145686864397e-14,6.388988053441774e-14,2.811596398673038e-13,True
tau_reio_high,weyl,JIT,wtheta,5.230019377873182e-15,6.788605616062007e-15,4.9568315717428896e-12,True
