case,mode,lens,nchi,capacity
fiducial,density,1,238,536
fiducial,density,2,234,526
fiducial,density,3,225,506
fiducial,density,4,213,480
fiducial,density,5,193,434
fiducial,density,6,141,318
fiducial,weyl,1,238,536
fiducial,weyl,2,234,526
fiducial,weyl,3,225,506
fiducial,weyl,4,213,480
fiducial,weyl,5,193,434
fiducial,weyl,6,141,318
h_low,density,1,237,536
h_low,density,2,233,526
h_low,density,3,224,506
h_low,density,4,212,480
h_low,density,5,192,434
h_low,density,6,141,318
h_low,weyl,1,237,536
h_low,weyl,2,233,526
h_low,weyl,3,224,506
h_low,weyl,4,212,480
h_low,weyl,5,192,434
h_low,weyl,6,141,318
h_high,density,1,239,536
h_high,density,2,235,526
h_high,density,3,226,506
h_high,density,4,215,480
h_high,density,5,194,434
h_high,density,6,142,318
h_high,weyl,1,239,536
h_high,weyl,2,235,526
h_high,weyl,3,226,506
h_high,weyl,4,215,480
h_high,weyl,5,194,434
h_high,weyl,6,142,318
omega_b_low,density,1,238,536
omega_b_low,density,2,234,526
omega_b_low,density,3,225,506
omega_b_low,density,4,214,480
omega_b_low,density,5,193,434
omega_b_low,density,6,141,318
omega_b_low,weyl,1,238,536
omega_b_low,weyl,2,234,526
omega_b_low,weyl,3,225,506
omega_b_low,weyl,4,214,480
omega_b_low,weyl,5,193,434
omega_b_low,weyl,6,141,318
omega_b_high,density,1,238,536
omega_b_high,density,2,234,526
omega_b_high,density,3,225,506
omega_b_high,density,4,213,480
omega_b_high,density,5,193,434
omega_b_high,density,6,141,318
omega_b_high,weyl,1,238,536
omega_b_high,weyl,2,234,526
omega_b_high,weyl,3,225,506
omega_b_high,weyl,4,213,480
omega_b_high,weyl,5,193,434
omega_b_high,weyl,6,141,318
omega_cdm_low,density,1,239,536
omega_cdm_low,density,2,234,526
omega_cdm_low,density,3,226,506
omega_cdm_low,density,4,214,480
omega_cdm_low,density,5,193,434
omega_cdm_low,density,6,142,318
omega_cdm_low,weyl,1,239,536
omega_cdm_low,weyl,2,234,526
omega_cdm_low,weyl,3,226,506
omega_cdm_low,weyl,4,214,480
omega_cdm_low,weyl,5,193,434
omega_cdm_low,weyl,6,142,318
omega_cdm_high,density,1,237,536
omega_cdm_high,density,2,233,526
omega_cdm_high,density,3,224,506
omega_cdm_high,density,4,213,480
omega_cdm_high,density,5,192,434
omega_cdm_high,density,6,141,318
omega_cdm_high,weyl,1,237,536
omega_cdm_high,weyl,2,233,526
omega_cdm_high,weyl,3,224,506
omega_cdm_high,weyl,4,213,480
omega_cdm_high,weyl,5,192,434
omega_cdm_high,weyl,6,141,318
logA_low,density,1,238,536
logA_low,density,2,234,526
logA_low,density,3,225,506
logA_low,density,4,213,480
logA_low,density,5,193,434
logA_low,density,6,141,318
logA_low,weyl,1,238,536
logA_low,weyl,2,234,526
logA_low,weyl,3,225,506
logA_low,weyl,4,213,480
logA_low,weyl,5,193,434
logA_low,weyl,6,141,318
logA_high,density,1,238,536
logA_high,density,2,234,526
logA_high,density,3,225,506
logA_high,density,4,213,480
logA_high,density,5,193,434
logA_high,density,6,141,318
logA_high,weyl,1,238,536
logA_high,weyl,2,234,526
logA_high,weyl,3,225,506
logA_high,weyl,4,213,480
logA_high,weyl,5,193,434
logA_high,weyl,6,141,318
n_s_low,density,1,238,536
n_s_low,density,2,234,526
n_s_low,density,3,225,506
n_s_low,density,4,213,480
n_s_low,density,5,193,434
n_s_low,density,6,141,318
n_s_low,weyl,1,238,536
n_s_low,weyl,2,234,526
n_s_low,weyl,3,225,506
n_s_low,weyl,4,213,480
n_s_low,weyl,5,193,434
n_s_low,weyl,6,141,318
n_s_high,density,1,238,536
n_s_high,density,2,234,526
n_s_high,density,3,225,506
n_s_high,density,4,213,480
n_s_high,density,5,193,434
n_s_high,density,6,141,318
n_s_high,weyl,1,238,536
n_s_high,weyl,2,234,526
n_s_high,weyl,3,225,506
n_s_high,weyl,4,213,480
n_s_high,weyl,5,193,434
n_s_high,weyl,6,141,318
tau_reio_low,density,1,238,536
tau_reio_low,density,2,234,526
tau_reio_low,density,3,225,506
tau_reio_low,density,4,213,480
tau_reio_low,density,5,193,434
tau_reio_low,density,6,141,318
tau_reio_low,weyl,1,238,536
tau_reio_low,weyl,2,234,526
tau_reio_low,weyl,3,225,506
tau_reio_low,weyl,4,213,480
tau_reio_low,weyl,5,193,434
tau_reio_low,weyl,6,141,318
tau_reio_high,density,1,238,536
tau_reio_high,density,2,234,526
tau_reio_high,density,3,225,506
tau_reio_high,density,4,213,480
tau_reio_high,density,5,193,434
tau_reio_high,density,6,141,318
tau_reio_high,weyl,1,238,536
tau_reio_high,weyl,2,234,526
tau_reio_high,weyl,3,225,506
tau_reio_high,weyl,4,213,480
tau_reio_high,weyl,5,193,434
tau_reio_high,weyl,6,141,318
