case,spectrum,region,max_scaled,rms_scaled,max_relative,finite
fiducial,matter_linear,sampled,8.999243018913137e-09,1.6178879875383018e-09,1.258727554926264e-07,True
fiducial,matter_linear,extrapolated,7.078799538072965e-11,3.0463420367503545e-11,1.655585317106211e-09,True
fiducial,matter_nonlinear,sampled,9.236643217764859e-09,1.6714466555239111e-09,1.1180635245096478e-07,True
fiducial,matter_nonlinear,extrapolated,4.6459082643345034e-11,2.2714606033693252e-11,2.0671761125634287e-09,True
fiducial,weyl_linear,sampled,9.03579821623486e-09,1.7427456677047053e-09,1.2407120706038674e-07,True
fiducial,weyl_linear,extrapolated,7.469234856171625e-11,3.1054123092152626e-11,7.643995396641594e-09,True
fiducial,matter_weyl,sampled,8.999763750833645e-09,1.678244339086459e-09,1.244664568726222e-07,True
fiducial,matter_weyl,extrapolated,7.079043429927873e-11,3.060125742591076e-11,5.8752456503172505e-09,True
h_low,matter_linear,sampled,9.518485611915216e-09,2.328874821210286e-09,1.5432193861565048e-07,True
h_low,matter_linear,extrapolated,1.8239770369722234e-09,1.927771290938328e-09,5.874965577998684e-08,True
h_low,matter_nonlinear,sampled,9.961868689893841e-09,2.3033801670101173e-09,1.4757192694906541e-07,True
h_low,matter_nonlinear,extrapolated,2.1784475196130526e-10,1.7521675143077936e-10,1.6610519355600152e-08,True
h_low,weyl_linear,sampled,9.562587849201242e-09,2.365383293530484e-09,1.5414938678901154e-07,True
h_low,weyl_linear,extrapolated,1.5478256697689692e-10,6.433669458653712e-11,1.966036644933613e-08,True
h_low,matter_weyl,sampled,9.523041100592642e-09,2.3477928793244497e-09,1.5401635760979487e-07,True
h_low,matter_weyl,extrapolated,2.2736148340152796e-09,1.98200089040361e-09,2.4451494895384602e-08,True
h_high,matter_linear,sampled,7.779347225038298e-09,2.010777652783091e-09,1.332547353549497e-07,True
h_high,matter_linear,extrapolated,2.2551399870078935e-11,9.735521864358985e-12,1.1527114711564241e-09,True
h_high,matter_nonlinear,sampled,7.929338282765774e-09,1.942578379826198e-09,1.2896973855172695e-07,True
h_high,matter_nonlinear,extrapolated,1.47207757164536e-12,6.276546393473767e-13,1.017608971192285e-09,True
h_high,weyl_linear,sampled,7.806115313477356e-09,2.014749221254515e-09,1.332870791924491e-07,True
h_high,weyl_linear,extrapolated,2.3835091339674583e-11,9.934221317269509e-12,3.03841199346543e-09,True
h_high,matter_weyl,sampled,7.78117367175413e-09,2.0122062989623967e-09,1.3317676909673427e-07,True
h_high,matter_weyl,extrapolated,2.2541959692063277e-11,9.779514858401767e-12,4.238146905803434e-09,True
omega_b_low,matter_linear,sampled,8.022515973252994e-09,1.8472909479704526e-09,1.5246869611111486e-07,True
omega_b_low,matter_linear,extrapolated,6.951753487805223e-11,2.991192139188265e-11,1.920583356296103e-09,True
omega_b_low,matter_nonlinear,sampled,8.22895926157944e-09,1.8829031687317403e-09,1.343714525575677e-07,True
omega_b_low,matter_nonlinear,extrapolated,4.462611841103464e-12,1.953422181311274e-12,1.2198039862465733e-09,True
omega_b_low,weyl_linear,sampled,8.04689651899354e-09,1.8498740571203724e-09,1.5287457352093597e-07,True
omega_b_low,weyl_linear,extrapolated,7.345117521515372e-11,3.05039667849018e-11,1.3094533221383644e-08,True
omega_b_low,matter_weyl,sampled,8.018357999373824e-09,1.8479281464560852e-09,1.5157414170540773e-07,True
omega_b_low,matter_weyl,extrapolated,6.949450380628251e-11,3.0042783501430164e-11,5.563864540364563e-09,True
omega_b_high,matter_linear,sampled,8.414748757040218e-09,1.8472546406643451e-09,1.1612474455631728e-07,True
omega_b_high,matter_linear,extrapolated,7.21509304193753e-11,3.105635322073829e-11,4.19016250181944e-09,True
omega_b_high,matter_nonlinear,sampled,8.63810719650169e-09,1.8113605003426157e-09,1.1257077814152157e-07,True
omega_b_high,matter_nonlinear,extrapolated,4.561082072655486e-12,1.998931790034894e-12,1.5024189144004565e-09,True
omega_b_high,weyl_linear,sampled,8.45104592713143e-09,1.8510105930293765e-09,1.1618389366696462e-07,True
omega_b_high,weyl_linear,extrapolated,7.605516038138795e-11,3.165151542109329e-11,1.2103553443350806e-08,True
omega_b_high,matter_weyl,sampled,8.420898003912237e-09,1.8484577776995637e-09,1.1605556276101429e-07,True
omega_b_high,matter_weyl,extrapolated,7.214724156358332e-11,3.1190887013896026e-11,7.551316421527692e-09,True
omega_cdm_low,matter_linear,sampled,4.580178675982102e-09,1.1222164207871007e-09,4.825318760943618e-08,True
omega_cdm_low,matter_linear,extrapolated,7.557411757382789e-11,3.256834431445858e-11,2.5740185258826804e-09,True
omega_cdm_low,matter_nonlinear,sampled,4.563166093131549e-09,1.1749917853032505e-09,4.345817391367e-08,True
omega_cdm_low,matter_nonlinear,extrapolated,4.3842008712794164e-11,3.2101083813006494e-11,1.9348233629143606e-09,True
omega_cdm_low,weyl_linear,sampled,4.598589702931912e-09,1.123054978841375e-09,4.8411518189022604e-08,True
omega_cdm_low,weyl_linear,extrapolated,8.007550148885454e-11,3.32712421798792e-11,9.887932062636284e-09,True
omega_cdm_low,matter_weyl,sampled,4.582960547502643e-09,1.1230861450195829e-09,4.8374198428988284e-08,True
omega_cdm_low,matter_weyl,extrapolated,7.557723144753008e-11,3.273445996509809e-11,4.790462544990806e-09,True
omega_cdm_high,matter_linear,sampled,5.68450464086706e-09,1.4909049743919782e-09,6.764980753820861e-08,True
omega_cdm_high,matter_linear,extrapolated,6.673170248360075e-11,2.8684027263402993e-11,2.6955604920174688e-09,True
omega_cdm_high,matter_nonlinear,sampled,5.603862837080154e-09,1.4893042162798174e-09,6.38387667885449e-08,True
omega_cdm_high,matter_nonlinear,extrapolated,2.436130966487975e-11,1.4553589736484716e-11,1.7997135488071105e-09,True
omega_cdm_high,weyl_linear,sampled,5.694470252730576e-09,1.505348622933124e-09,6.759676406746771e-08,True
omega_cdm_high,weyl_linear,extrapolated,7.02015809950867e-11,2.921332155874337e-11,1.1596538571922922e-08,True
omega_cdm_high,matter_weyl,sampled,5.684912110213882e-09,1.497862830382695e-09,6.75438471247051e-08,True
omega_cdm_high,matter_weyl,extrapolated,6.674627659522311e-11,2.8808043210216123e-11,9.50155737335343e-09,True
logA_low,matter_linear,sampled,8.999243011380883e-09,1.6178879841686652e-09,1.2587275647064906e-07,True
logA_low,matter_linear,extrapolated,7.078871040709382e-11,3.046364885249104e-11,2.3479346106461487e-09,True
logA_low,matter_nonlinear,sampled,9.10332525188781e-09,1.6465589090882042e-09,1.1408835095776025e-07,True
logA_low,matter_nonlinear,extrapolated,5.763252030590539e-11,2.916663280584291e-11,2.0594862072408648e-09,True
logA_low,weyl_linear,sampled,9.035798794056392e-09,1.7427455774482443e-09,1.240712177633841e-07,True
logA_low,weyl_linear,extrapolated,7.468599512109795e-11,3.105876331332589e-11,1.4197793006082075e-08,True
logA_low,matter_weyl,sampled,8.999763766495936e-09,1.6782443357028392e-09,1.2446645864182224e-07,True
logA_low,matter_weyl,extrapolated,7.077454400093118e-11,3.0599204866665106e-11,6.7763275346650905e-09,True
logA_high,matter_linear,sampled,8.999242999617928e-09,1.6178878948090324e-09,1.2587275509242494e-07,True
logA_high,matter_linear,extrapolated,7.078233427928598e-11,3.046181134023397e-11,1.731087577553281e-09,True
logA_high,matter_nonlinear,sampled,9.406234797287535e-09,1.703119926529049e-09,1.092260338610049e-07,True
logA_high,matter_nonlinear,extrapolated,3.0135421867758156e-11,1.607375645411092e-11,2.064428054855633e-09,True
logA_high,weyl_linear,sampled,9.03579736634124e-09,1.7427456942912367e-09,1.2407121776491214e-07,True
logA_high,weyl_linear,extrapolated,7.470515099758262e-11,3.105855319491413e-11,1.4016895865423077e-08,True
logA_high,matter_weyl,sampled,8.999763810398165e-09,1.678244365810225e-09,1.24466458723417e-07,True
logA_high,matter_weyl,extrapolated,7.077766210588914e-11,3.0598526912513216e-11,4.620782373480961e-09,True
n_s_low,matter_linear,sampled,8.53844628292579e-09,1.5248249764974275e-09,1.2587275614122667e-07,True
n_s_low,matter_linear,extrapolated,7.072227514473399e-11,3.055724489277685e-11,1.6377293505548751e-09,True
n_s_low,matter_nonlinear,sampled,8.77653711503828e-09,1.586043343158852e-09,1.1425233721027556e-07,True
n_s_low,matter_nonlinear,extrapolated,4.3296195754373625e-11,2.1173871137012877e-11,1.0955676341697527e-09,True
n_s_low,weyl_linear,sampled,8.57340299139785e-09,1.6471145686797656e-09,1.2407120351627176e-07,True
n_s_low,weyl_linear,extrapolated,7.463111387461488e-11,3.1153270747048064e-11,9.955554412318941e-09,True
n_s_low,matter_weyl,sampled,8.538940312240828e-09,1.5841703215463175e-09,1.2446645866143537e-07,True
n_s_low,matter_weyl,extrapolated,7.070066631364835e-11,3.0689026185265884e-11,8.07914322628077e-09,True
n_s_high,matter_linear,sampled,9.480630791240484e-09,1.716040520928097e-09,1.2587275682279266e-07,True
n_s_high,matter_linear,extrapolated,7.08501836076216e-11,3.036697519303476e-11,2.9188697931659076e-09,True
n_s_high,matter_nonlinear,sampled,9.72614928209056e-09,1.7632664587043465e-09,1.0952666372997397e-07,True
n_s_high,matter_nonlinear,extrapolated,5.052032729976329e-11,2.4680421188932284e-11,1.6280906796352922e-09,True
n_s_high,weyl_linear,sampled,9.518758529383437e-09,1.8433923235034103e-09,1.2407121409967315e-07,True
n_s_high,weyl_linear,extrapolated,7.476049799821123e-11,3.0955749326395825e-11,9.758222283426833e-09,True
n_s_high,matter_weyl,sampled,9.481180165312438e-09,1.777369967229473e-09,1.2446646026958983e-07,True
n_s_high,matter_weyl,extrapolated,7.085524533673767e-11,3.0504324854136186e-11,6.175926000757095e-09,True
tau_reio_low,matter_linear,sampled,1.0545926024197354e-08,2.017163744210107e-09,1.3698443704496085e-07,True
tau_reio_low,matter_linear,extrapolated,7.741404894046904e-11,3.3332648529583614e-11,2.8876095737478285e-09,True
tau_reio_low,matter_nonlinear,sampled,1.0564245741398881e-08,2.0598431034753013e-09,1.3583545467591726e-07,True
tau_reio_low,matter_nonlinear,extrapolated,1.0627146953722485e-11,8.555137532378447e-12,1.3241865123670107e-09,True
tau_reio_low,weyl_linear,sampled,9.192365799681512e-08,9.7093814819666e-09,1.2459538862062063e-07,True
tau_reio_low,weyl_linear,extrapolated,8.013582466129863e-11,3.3741602850336505e-11,1.1412636104454726e-08,True
tau_reio_low,matter_weyl,sampled,2.9422515451261646e-08,3.851338300262489e-09,1.2437897650759045e-07,True
tau_reio_low,matter_weyl,extrapolated,7.740284155558274e-11,3.342002743124864e-11,4.851879445291207e-09,True
tau_reio_high,matter_linear,sampled,8.998439712711988e-09,1.617155396765124e-09,1.254790358585326e-07,True
tau_reio_high,matter_linear,extrapolated,6.211310160129388e-11,2.6710601495590154e-11,2.15468829085504e-09,True
tau_reio_high,matter_nonlinear,sampled,9.235800466690484e-09,1.670991056481645e-09,1.1145534826309686e-07,True
tau_reio_high,matter_nonlinear,extrapolated,4.5017280370279724e-12,1.9620751582462153e-12,1.954585184945277e-09,True
tau_reio_high,weyl_linear,sampled,9.036542051500051e-09,1.6199046007404997e-09,1.2633282528225665e-07,True
tau_reio_high,weyl_linear,extrapolated,6.707063817752785e-11,2.746696721517099e-11,1.2388729846852022e-08,True
tau_reio_high,matter_weyl,sampled,8.995409765838235e-09,1.6178493481179506e-09,1.244360597705618e-07,True
tau_reio_high,matter_weyl,extrapolated,6.209745449438406e-11,2.688376546216008e-11,3.936302377289634e-09,True
