case,space,observable,des_switch,ref_switch,switch_residual
fiducial,Cl,xip,4.0141522159324284e-05,4.014152870075507e-05,1.759307532329918e-08
fiducial,xi,xip,4.770736553609632e-07,4.771025288235004e-07,4.43718211350168e-11
fiducial,Cl,xim,4.0141522159324284e-05,4.014152870075507e-05,1.759307532329918e-08
fiducial,xi,xim,4.5784891741618374e-07,4.578505973856137e-07,7.117513602596056e-11
fiducial,Cl,gammat,1.4845694967528391e-05,1.4845693592625675e-05,1.6468579906860772e-08
fiducial,xi,gammat,2.410893966687472e-07,2.4108871151368417e-07,5.028990668292376e-11
fiducial,Cl,wtheta,0.0,2.5982130514871915e-17,2.5982130514871915e-17
fiducial,xi,wtheta,0.0,1.0459963796097921e-16,1.0459963796097921e-16
h_low,Cl,xip,4.059397171968486e-05,4.059397135117327e-05,9.401336549372055e-11
h_low,xi,xip,4.7228056668656375e-07,4.723533826186993e-07,7.281601692229279e-11
h_low,Cl,xim,4.059397171968486e-05,4.059397135117327e-05,9.401336549372055e-11
h_low,xi,xim,4.4710087905620655e-07,4.471024989641484e-07,7.777776152529569e-11
h_low,Cl,gammat,1.555998812204772e-05,1.5559988047154294e-05,1.0415522198426525e-10
h_low,xi,gammat,2.1791825226895045e-07,2.1792146166742725e-07,8.40112797902859e-11
h_low,Cl,wtheta,0.0,5.73181763211316e-17,5.73181763211316e-17
h_low,xi,wtheta,0.0,5.425840103950774e-17,5.425840103950774e-17
h_high,Cl,xip,3.997139872922202e-05,3.997139799314514e-05,2.594833253181205e-11
h_high,xi,xip,4.801699578014791e-07,4.800991465248112e-07,7.081132009192844e-11
h_high,Cl,xim,3.997139872922202e-05,3.997139799314514e-05,2.594833253181205e-11
h_high,xi,xim,4.489271683165389e-07,4.489289297358014e-07,7.977326930551137e-11
h_high,Cl,gammat,1.4749544254243184e-05,1.4749544003387937e-05,2.174971279140346e-11
h_high,xi,gammat,2.3813431672576426e-07,2.3813264739762503e-07,6.123801749571121e-11
h_high,Cl,wtheta,0.0,0.0,0.0
h_high,xi,wtheta,0.0,0.0,0.0
omega_b_low,Cl,xip,4.061853350889908e-05,4.0618531220087555e-05,4.46735734551605e-12
omega_b_low,xi,xip,4.672418724452205e-07,4.672487368681941e-07,7.254648958191309e-12
omega_b_low,Cl,xim,4.061853350889908e-05,4.0618531220087555e-05,4.46735734551605e-12
omega_b_low,xi,xim,4.7514895453364667e-07,4.751506576667664e-07,7.356159272094219e-12
omega_b_low,Cl,gammat,1.5003641283584466e-05,1.5003641222637259e-05,3.256587950082756e-12
omega_b_low,xi,gammat,2.376644531480323e-07,2.376654110293969e-07,7.691400290855927e-12
omega_b_low,Cl,wtheta,0.0,5.181107645888104e-17,5.181107645888104e-17
omega_b_low,xi,wtheta,0.0,5.159994379701343e-17,5.159994379701343e-17
omega_b_high,Cl,xip,3.9999287106103954e-05,3.9999287892205024e-05,4.826699238680008e-12
omega_b_high,xi,xip,4.858829555348764e-07,4.858750692180727e-07,7.886298162187969e-12
omega_b_high,Cl,xim,3.9999287106103954e-05,3.9999287892205024e-05,4.826699238680008e-12
omega_b_high,xi,xim,4.349287558556499e-07,4.349304351936662e-07,8.553905661111567e-12
omega_b_high,Cl,gammat,1.4832583920227837e-05,1.4832584207963711e-05,4.674402200213632e-12
omega_b_high,xi,gammat,2.273525049080626e-07,2.2735324060996717e-07,7.1851391798897014e-12
omega_b_high,Cl,wtheta,0.0,5.213289447453898e-17,5.213289447453898e-17
omega_b_high,xi,wtheta,0.0,1.0614451670526011e-16,1.0614451670526011e-16
omega_cdm_low,Cl,xip,4.3735177461887464e-05,4.373517684646603e-05,1.0409569122970292e-10
omega_cdm_low,xi,xip,5.227164112399541e-07,5.227329140757482e-07,3.341964336607689e-11
omega_cdm_low,Cl,xim,4.3735177461887464e-05,4.373517684646603e-05,1.0409569122970292e-10
omega_cdm_low,xi,xim,4.827980750894592e-07,4.827998807888717e-07,3.586412319283308e-11
omega_cdm_low,Cl,gammat,1.632095039810439e-05,1.632094994956682e-05,3.792205426590801e-10
omega_cdm_low,xi,gammat,2.3250234538600579e-07,2.325005548568472e-07,4.23001742871359e-11
omega_cdm_low,Cl,wtheta,0.0,0.0,0.0
omega_cdm_low,xi,wtheta,0.0,0.0,0.0
omega_cdm_high,Cl,xip,3.679293683323094e-05,3.679293535888937e-05,3.423876700580084e-10
omega_cdm_high,xi,xip,4.4746331805977906e-07,4.475355147098674e-07,7.31505106391088e-11
omega_cdm_high,Cl,xim,3.679293683323094e-05,3.679293535888937e-05,3.423876700580084e-10
omega_cdm_high,xi,xim,4.37760816247798e-07,4.377623773572653e-07,8.7908269541329e-11
omega_cdm_high,Cl,gammat,1.3663155038315146e-05,1.3663154082849249e-05,5.449396214565441e-10
omega_cdm_high,xi,gammat,2.2832383701623595e-07,2.2832513256213202e-07,1.0311959250771993e-10
omega_cdm_high,Cl,wtheta,0.0,5.360338047946735e-17,5.360338047946735e-17
omega_cdm_high,xi,wtheta,0.0,4.6695118851446376e-17,4.6695118851446376e-17
logA_low,Cl,xip,4.012826093885773e-05,4.0128267461828285e-05,1.7595640808038355e-08
logA_low,xi,xip,4.804032862291762e-07,4.804321361549461e-07,4.507245481121754e-11
logA_low,Cl,xim,4.012826093885773e-05,4.0128267461828285e-05,1.7595640808038355e-08
logA_low,xi,xim,4.549017658768394e-07,4.5490344727057995e-07,7.036972398989531e-11
logA_low,Cl,gammat,1.4838734041002802e-05,1.4838732673173258e-05,1.646824703430867e-08
logA_low,xi,gammat,2.3725234646171726e-07,2.3725167884855907e-07,5.108743361360273e-11
logA_low,Cl,wtheta,0.0,4.2048969718187017e-17,4.2048969718187017e-17
logA_low,xi,wtheta,0.0,2.911533926014159e-17,2.911533926014159e-17
logA_high,Cl,xip,4.015455259407958e-05,4.015455912298195e-05,1.7589075035091996e-08
logA_high,xi,xip,4.738611429852383e-07,4.7388987025078615e-07,4.359314087127803e-11
logA_high,Cl,xim,4.015455259407958e-05,4.015455912298195e-05,1.7589075035091996e-08
logA_high,xi,xim,4.6111494815278323e-07,4.611166330908023e-07,7.205277869976273e-11
logA_high,Cl,gammat,1.4853545949727417e-05,1.4853544589663678e-05,1.6468695263813258e-08
logA_high,xi,gammat,2.45468399107454e-07,2.4546768506458807e-07,4.953504964829897e-11
logA_high,Cl,wtheta,0.0,4.78200987857632e-17,4.78200987857632e-17
logA_high,xi,wtheta,0.0,1.1627652050110293e-17,1.1627652050110293e-17
n_s_low,Cl,xip,4.2822901808826004e-05,4.282290830299667e-05,1.7592308551378164e-08
n_s_low,xi,xip,4.845703273214723e-07,4.845987008202407e-07,4.5357520399363435e-11
n_s_low,Cl,xim,4.2822901808826004e-05,4.282290830299667e-05,1.7592308551378164e-08
n_s_low,xi,xim,4.573844368575772e-07,4.573861177961963e-07,7.383863763817518e-11
n_s_low,Cl,gammat,1.5789633973744996e-05,1.578963430089763e-05,1.649435515827405e-08
n_s_low,xi,gammat,2.4114289834717427e-07,2.4114217489633926e-07,5.335212669859178e-11
n_s_low,Cl,wtheta,0.0,3.7380988435581204e-17,3.7380988435581204e-17
n_s_low,xi,wtheta,0.0,5.383955402207279e-17,5.383955402207279e-17
n_s_high,Cl,xip,3.758184345628128e-05,3.758185008338807e-05,1.758026481247014e-08
n_s_high,xi,xip,4.698094283434801e-07,4.698386222235483e-07,4.333588886134975e-11
n_s_high,Cl,xim,3.758184345628128e-05,3.758185008338807e-05,1.758026481247014e-08
n_s_high,xi,xim,4.5837928204376153e-07,4.5838096513685465e-07,6.847193381785099e-11
n_s_high,Cl,gammat,1.3960931327738264e-05,1.3960929949220579e-05,1.6441339002095242e-08
n_s_high,xi,gammat,2.40992160368623e-07,2.40991508799813e-07,4.739655480204985e-11
n_s_high,Cl,wtheta,0.0,4.062202148878811e-17,4.062202148878811e-17
n_s_high,xi,wtheta,0.0,5.0728516598323014e-17,5.0728516598323014e-17
tau_reio_low,Cl,xip,3.965991860892542e-05,3.965991941848131e-05,3.0791443557177994e-12
tau_reio_low,xi,xip,4.887394899715388e-07,4.887390439985898e-07,2.1865693208590822e-12
tau_reio_low,Cl,xim,3.965991860892542e-05,3.965991941848131e-05,3.0791443557177994e-12
tau_reio_low,xi,xim,4.275243115961823e-07,4.2752601054907973e-07,3.583272178672291e-12
tau_reio_low,Cl,gammat,1.4639342305664103e-05,1.463934227925143e-05,2.427142921074734e-12
tau_reio_low,xi,gammat,2.1737016354585503e-07,2.1737089285451932e-07,3.910214392101074e-12
tau_reio_low,Cl,wtheta,0.0,5.1963197779660924e-17,5.1963197779660924e-17
tau_reio_low,xi,wtheta,0.0,5.229952963526448e-17,5.229952963526448e-17
tau_reio_high,Cl,xip,4.028811455780518e-05,4.028811712387092e-05,2.3659317075837766e-10
tau_reio_high,xi,xip,4.849691081497651e-07,4.850155435358592e-07,5.5599555699488744e-11
tau_reio_high,Cl,xim,4.028811455780518e-05,4.028811712387092e-05,2.3659317075837766e-10
tau_reio_high,xi,xim,4.5234298197475673e-07,4.5234467175206773e-07,6.886643919113141e-11
tau_reio_high,Cl,gammat,1.4692316709227831e-05,1.4692317133161641e-05,4.1763508930583925e-10
tau_reio_high,xi,gammat,2.3288834949255372e-07,2.3288911636138792e-07,8.453566833589121e-11
tau_reio_high,Cl,wtheta,0.0,5.196564029158932e-17,5.196564029158932e-17
tau_reio_high,xi,wtheta,0.0,5.2300193799968967e-17,5.2300193799968967e-17
